"","participant_id","treat","age_months","female","kindergarten","teacher_id","school_id","private_school","title1","free_reduced_lunch","state","esl_observed","special_ed_observed","new_student","distracted_a1","distracted_a2","distracted_ppvt","score_a1","invalid_a1","score_a2","invalid_a2","score_ppvt","score_ppvt_age","invalid_ppvt","t_logins_april","t_logins_total","t_weeks_used","t_words_learned","t_financial_struggle","t_misbehavior","t_years_experience","score_pct_change"
"1",100,0,81,1,1,45,"1",0,1,75,1,0,0,0,0,0,0,27,NA,28,0,128,116,0,NA,NA,NA,NA,20,1,43,3.7037037037037
"2",101,0,76,1,1,45,"1",0,1,75,1,0,0,0,0,NA,NA,14,0,NA,NA,NA,NA,NA,NA,NA,NA,NA,NA,NA,NA,NA
"3",102,0,77,1,1,45,"1",0,1,75,1,0,0,0,0,NA,NA,23,0,NA,NA,NA,NA,NA,NA,NA,NA,NA,NA,NA,NA,NA
"4",103,0,68,1,1,45,"1",0,1,75,1,0,0,0,0,0,0,24,NA,25,0,93,102,0,NA,NA,NA,NA,20,1,43,4.16666666666667
"5",104,0,75,1,1,45,"1",0,1,75,1,0,0,0,0,0,0,25,NA,27,0,NA,NA,1,NA,NA,NA,NA,20,1,43,8
"6",105,0,76,0,1,45,"1",0,1,75,1,0,0,0,0,0,0,18,NA,21,0,89,89,0,NA,NA,NA,NA,20,1,43,16.6666666666667
"7",106,0,76,1,1,45,"1",0,1,75,1,0,0,0,1,0,0,21,NA,17,0,54,71,0,NA,NA,NA,NA,20,1,43,-19.047619047619
"8",107,0,76,1,1,45,"1",0,1,75,1,0,0,0,0,0,0,28,NA,26,0,123,117,0,NA,NA,NA,NA,20,1,43,-7.14285714285714
"9",108,0,75,1,1,45,"1",0,1,75,1,0,0,0,0,0,0,21,NA,24,0,88,90,0,NA,NA,NA,NA,20,1,43,14.2857142857143
"10",109,0,73,0,1,45,"1",0,1,75,1,0,0,0,0,0,0,23,NA,26,0,NA,NA,1,NA,NA,NA,NA,20,1,43,13.0434782608696
"11",110,0,76,1,1,45,"1",0,1,75,1,0,0,0,0,0,0,25,NA,25,0,106,103,0,NA,NA,NA,NA,20,1,43,0
"12",111,0,74,0,1,45,"1",0,1,75,1,0,0,0,0,0,0,24,NA,23,0,85,89,0,NA,NA,NA,NA,20,1,43,-4.16666666666667
"13",113,0,76,1,1,45,"1",0,1,75,1,0,0,0,0,0,0,23,NA,26,0,84,87,0,NA,NA,NA,NA,20,1,43,13.0434782608696
"14",114,0,71,0,1,45,"1",0,1,75,1,0,0,0,0,0,0,28,NA,28,0,123,123,0,NA,NA,NA,NA,20,1,43,0
"15",115,0,80,0,1,45,"1",0,1,75,1,0,0,0,0,NA,NA,30,0,NA,NA,NA,NA,NA,NA,NA,NA,NA,NA,NA,NA,NA
"16",116,0,75,1,1,45,"1",0,1,75,1,0,0,0,0,NA,NA,19,0,NA,NA,NA,NA,NA,NA,NA,NA,NA,NA,NA,NA,NA
"17",117,0,69,0,1,45,"1",0,1,75,1,0,0,0,0,NA,NA,24,0,NA,NA,NA,NA,NA,NA,NA,NA,NA,NA,NA,NA,NA
"18",118,0,73,0,1,45,"1",0,1,75,1,0,0,0,0,NA,NA,29,0,NA,NA,NA,NA,NA,NA,NA,NA,NA,NA,NA,NA,NA
"19",119,0,81,0,1,45,"1",0,1,75,1,0,0,0,0,NA,NA,13,0,NA,NA,NA,NA,NA,NA,NA,NA,NA,NA,NA,NA,NA
"20",10148,1,65,1,0,28,"2",0,1,91,3,0,0,0,0,0,1,34,NA,31,0,138,137,0,23,156,35,5,10,1,27,-8.82352941176471
"21",16144,1,58,0,0,28,"2",0,1,91,3,0,0,0,0,0,0,21,NA,24,0,87,108,0,23,156,35,5,10,1,27,14.2857142857143
"22",17009,1,69,1,0,28,"2",0,1,91,3,0,0,0,0,0,0,28,NA,33,0,113,115,0,23,156,35,5,10,1,27,17.8571428571429
"23",18848,1,67,0,0,28,"2",0,1,91,3,0,0,0,0,0,0,30,NA,32,0,109,115,0,23,156,35,5,10,1,27,6.66666666666667
"24",25961,1,65,1,0,28,"2",0,1,91,3,0,0,0,0,0,0,16,NA,18,0,55,80,0,23,156,35,5,10,1,27,12.5
"25",26448,1,60,0,0,28,"2",0,1,91,3,0,1,0,0,NA,NA,12,1,NA,NA,NA,NA,NA,NA,NA,NA,NA,NA,NA,NA,NA
"26",27480,1,68,0,0,28,"2",0,1,91,3,0,1,0,0,0,1,13,NA,16,0,39,65,0,23,156,35,5,10,1,27,23.0769230769231
"27",33415,1,64,0,0,28,"2",0,1,91,3,0,0,0,0,0,0,21,NA,26,0,83,99,0,23,156,35,5,10,1,27,23.8095238095238
"28",34684,1,68,0,0,28,"2",0,1,91,3,0,1,0,1,1,1,31,NA,24,0,91,100,0,23,156,35,5,10,1,27,-22.5806451612903
"29",39545,1,65,0,0,28,"2",0,1,91,3,1,0,0,0,0,0,20,NA,21,0,49,76,0,23,156,35,5,10,1,27,5
"30",53788,1,69,1,0,28,"2",0,1,91,3,0,0,0,0,NA,NA,22,0,NA,NA,NA,NA,NA,NA,NA,NA,NA,NA,NA,NA,NA
"31",59841,1,70,1,0,28,"2",0,1,91,3,0,1,0,0,NA,NA,20,0,NA,NA,NA,NA,NA,NA,NA,NA,NA,NA,NA,NA,NA
"32",71745,1,68,1,0,28,"2",0,1,91,3,0,0,0,0,NA,NA,22,0,NA,NA,NA,NA,NA,NA,NA,NA,NA,NA,NA,NA,NA
"33",75843,1,69,0,0,28,"2",0,1,91,3,0,0,0,0,NA,NA,26,0,NA,NA,NA,NA,NA,NA,NA,NA,NA,NA,NA,NA,NA
"34",87105,1,54,0,0,28,"2",0,1,91,3,0,1,0,3,NA,NA,15,1,NA,NA,NA,NA,NA,NA,NA,NA,NA,NA,NA,NA,NA
"35",92584,1,61,0,0,28,"2",0,1,91,3,0,0,0,0,0,0,20,NA,25,0,76,98,0,23,156,35,5,10,1,27,25
"36",93636,1,65,1,0,28,"2",0,1,91,3,0,0,0,0,0,0,16,NA,26,0,76,93,0,23,156,35,5,10,1,27,62.5
"37",96790,1,57,0,0,28,"2",0,1,91,3,0,0,0,0,0,0,20,NA,26,0,56,86,0,23,156,35,5,10,1,27,30
"38",96957,1,61,0,0,28,"2",0,1,91,3,0,0,0,0,NA,NA,12,1,NA,NA,NA,NA,NA,NA,NA,NA,NA,NA,NA,NA,NA
"39",320,1,58,0,0,35,"3",0,0,45,2,0,0,0,1,0,2,21,NA,25,0,58,86,0,38,196,22,2,63,3,37,19.047619047619
"40",12039,1,62,0,0,35,"3",0,0,45,2,0,1,0,3,3,3,18,NA,16,0,51,78,0,38,196,22,2,63,3,37,-11.1111111111111
"41",16198,1,41,0,0,35,"3",0,0,45,2,0,1,0,3,NA,NA,4,1,NA,NA,NA,NA,NA,NA,NA,NA,NA,NA,NA,NA,NA
"42",20056,1,68,0,0,35,"3",0,0,45,2,0,0,0,0,0,1,33,NA,35,0,134,132,0,38,196,22,2,63,3,37,6.06060606060606
"43",26079,1,55,1,0,35,"3",0,0,45,2,0,0,0,2,0,0,17,NA,17,0,54,87,0,38,196,22,2,63,3,37,0
"44",26194,1,58,1,0,35,"3",0,0,45,2,0,0,0,0,0,0,19,NA,25,0,114,128,0,38,196,22,2,63,3,37,31.5789473684211
"45",29507,1,50,0,0,35,"3",0,0,45,2,0,1,0,3,NA,NA,19,1,NA,NA,NA,NA,NA,NA,NA,NA,NA,NA,NA,NA,NA
"46",29813,1,63,0,0,35,"3",0,0,45,2,1,0,0,0,0,0,27,NA,24,0,102,112,0,38,196,22,2,63,3,37,-11.1111111111111
"47",30395,1,64,0,0,35,"3",0,0,45,2,0,0,0,0,3,2,26,NA,21,0,68,88,0,38,196,22,2,63,3,37,-19.2307692307692
"48",35936,1,67,1,0,35,"3",0,0,45,2,0,0,0,0,0,0,27,NA,28,0,77,92,0,38,196,22,2,63,3,37,3.7037037037037
"49",38478,1,50,0,0,35,"3",0,0,45,2,0,1,0,3,NA,NA,14,1,NA,NA,NA,NA,NA,NA,NA,NA,NA,NA,NA,NA,NA
"50",44996,1,49,0,0,35,"3",0,0,45,2,0,0,0,0,NA,NA,15,0,NA,NA,NA,NA,NA,NA,NA,NA,NA,NA,NA,NA,NA
"51",74716,1,63,1,0,35,"3",0,0,45,2,0,0,0,0,0,0,31,NA,30,0,105,114,0,38,196,22,2,63,3,37,-3.2258064516129
"52",74926,1,67,0,0,35,"3",0,0,45,2,0,1,0,2,NA,NA,19,0,NA,NA,NA,NA,NA,NA,NA,NA,NA,NA,NA,NA,NA
"53",79498,1,46,1,0,35,"3",0,0,45,2,0,0,0,0,0,0,13,NA,20,0,75,114,0,38,196,22,2,63,3,37,53.8461538461538
"54",81521,1,66,0,0,35,"3",0,0,45,2,0,0,0,0,0,0,11,NA,19,0,55,78,0,38,196,22,2,63,3,37,72.7272727272727
"55",87192,1,49,0,0,35,"3",0,0,45,2,1,0,0,0,0,0,13,NA,19,0,38,78,0,38,196,22,2,63,3,37,46.1538461538462
"56",90875,1,68,0,0,35,"3",0,0,45,2,0,0,0,0,0,2,30,NA,32,0,116,118,0,38,196,22,2,63,3,37,6.66666666666667
"57",97134,1,67,0,0,35,"3",0,0,45,2,0,0,0,0,NA,NA,25,0,NA,NA,NA,NA,NA,NA,NA,NA,NA,NA,NA,NA,NA
"58",10554,1,59,1,0,23,"4",1,0,0,2,0,0,0,0,0,0,24,NA,28,0,98,116,0,29,150,22,3,6,3,30,16.6666666666667
"59",11066,1,69,0,0,23,"4",1,0,0,2,0,0,0,0,1,1,23,NA,26,0,96,102,0,29,150,22,3,6,3,30,13.0434782608696
"60",14682,1,61,0,0,23,"4",1,0,0,2,0,0,0,0,0,1,28,NA,31,0,109,122,0,29,150,22,3,6,3,30,10.7142857142857
"61",21507,1,62,1,0,23,"4",1,0,0,2,0,0,0,0,0,0,28,NA,28,0,112,121,0,29,150,22,3,6,3,30,0
"62",29324,1,67,1,0,23,"4",1,0,0,2,0,0,0,0,0,0,29,NA,28,0,113,115,0,29,150,22,3,6,3,30,-3.44827586206897
"63",32012,1,64,1,0,23,"4",1,0,0,2,0,0,0,0,0,0,25,NA,28,0,103,113,0,29,150,22,3,6,3,30,12
"64",34697,1,65,1,0,23,"4",1,0,0,2,0,0,0,0,0,0,20,NA,28,0,107,115,0,29,150,22,3,6,3,30,40
"65",41016,1,59,1,0,23,"4",1,0,0,2,0,0,0,0,0,0,23,NA,31,0,80,101,0,29,150,22,3,6,3,30,34.7826086956522
"66",42810,1,64,0,0,23,"4",1,0,0,2,0,0,0,0,NA,NA,20,0,NA,NA,NA,NA,NA,NA,NA,NA,NA,NA,NA,NA,NA
"67",46118,1,65,0,0,23,"4",1,0,0,2,0,0,0,0,0,1,22,NA,22,0,101,109,0,29,150,22,3,6,3,30,0
"68",55042,1,68,0,0,23,"4",1,0,0,2,0,0,0,0,1,1,28,NA,25,0,105,110,0,29,150,22,3,6,3,30,-10.7142857142857
"69",56124,1,63,1,0,23,"4",1,0,0,2,0,0,0,0,0,0,26,NA,24,0,91,104,0,29,150,22,3,6,3,30,-7.69230769230769
"70",57969,1,61,1,0,23,"4",1,0,0,2,0,0,0,0,0,0,26,NA,31,0,93,110,0,29,150,22,3,6,3,30,19.2307692307692
"71",64890,1,57,1,0,23,"4",1,0,0,2,0,0,0,1,NA,NA,25,0,NA,NA,NA,NA,NA,NA,NA,NA,NA,NA,NA,NA,NA
"72",71805,1,58,1,0,23,"4",1,0,0,2,0,0,0,0,NA,NA,25,0,NA,NA,NA,NA,NA,NA,NA,NA,NA,NA,NA,NA,NA
"73",77615,1,59,0,0,23,"4",1,0,0,2,0,0,0,0,NA,NA,30,0,NA,NA,NA,NA,NA,NA,NA,NA,NA,NA,NA,NA,NA
"74",88131,1,66,1,0,23,"4",1,0,0,2,0,0,0,0,0,1,32,NA,34,0,132,133,0,29,150,22,3,6,3,30,6.25
"75",91767,1,68,0,0,23,"4",1,0,0,2,0,0,0,0,0,0,33,NA,30,0,109,113,0,29,150,22,3,6,3,30,-9.09090909090909
"76",322,0,51,1,0,11,"5",0,0,41,2,0,0,0,0,3,2,21,NA,24,0,85,98,0,NA,NA,NA,NA,17,1,6,14.2857142857143
"77",323,0,45,1,0,11,"5",0,0,41,2,0,0,0,0,2,2,13,NA,15,0,NA,49,1,NA,NA,NA,NA,17,1,6,15.3846153846154
"78",324,0,48,1,0,11,"5",0,0,41,2,0,0,0,1,0,0,14,NA,25,0,58,80,0,NA,NA,NA,NA,17,1,6,78.5714285714286
"79",325,0,56,0,0,11,"5",0,0,41,2,0,0,0,0,0,0,23,NA,28,0,115,119,0,NA,NA,NA,NA,17,1,6,21.7391304347826
"80",326,0,45,0,0,11,"5",0,0,41,2,0,0,0,0,0,1,28,NA,23,0,62,82,0,NA,NA,NA,NA,17,1,6,-17.8571428571429
"81",327,0,103,0,0,11,"5",0,0,41,2,0,1,1,3,NA,NA,11,1,NA,NA,NA,NA,NA,NA,NA,NA,NA,NA,NA,NA,NA
"82",328,0,56,1,0,11,"5",0,0,41,2,0,0,0,0,NA,NA,23,0,NA,NA,NA,NA,NA,NA,NA,NA,NA,NA,NA,NA,NA
"83",329,0,50,0,0,11,"5",0,0,41,2,0,0,0,1,1,1,22,NA,23,0,80,94,0,NA,NA,NA,NA,17,1,6,4.54545454545455
"84",330,0,50,1,0,11,"5",0,0,41,2,0,0,0,0,1,1,22,NA,22,0,75,90,0,NA,NA,NA,NA,17,1,6,0
"85",11977,0,61,0,0,31,"5",0,0,41,2,0,0,0,0,NA,NA,23,0,NA,NA,NA,NA,NA,NA,NA,NA,NA,NA,NA,NA,NA
"86",17481,0,60,1,0,31,"5",0,0,41,2,0,0,0,0,0,0,27,NA,25,0,99,114,0,NA,NA,NA,NA,NA,NA,NA,-7.40740740740741
"87",22333,0,51,1,0,31,"5",0,0,41,2,0,0,0,1,NA,NA,23,0,NA,NA,NA,NA,NA,NA,NA,NA,NA,NA,NA,NA,NA
"88",32879,0,59,0,0,31,"5",0,0,41,2,0,0,0,0,0,1,24,NA,24,0,107,122,0,NA,NA,NA,NA,NA,NA,NA,0
"89",55853,0,59,0,0,31,"5",0,0,41,2,0,0,0,0,0,0,28,NA,32,0,107,120,0,NA,NA,NA,NA,NA,NA,NA,14.2857142857143
"90",65624,0,51,1,0,31,"5",0,0,41,2,0,0,0,0,0,0,15,NA,21,0,60,83,0,NA,NA,NA,NA,NA,NA,NA,40
"91",66632,0,63,1,0,31,"5",0,0,41,2,0,0,0,1,NA,NA,13,1,NA,NA,NA,NA,NA,NA,NA,NA,NA,NA,NA,NA,NA
"92",99534,0,63,1,0,31,"5",0,0,41,2,0,0,0,0,0,1,27,NA,25,0,89,105,0,NA,NA,NA,NA,NA,NA,NA,-7.40740740740741
"93",319,1,52,0,0,32,"6",0,1,89,2,0,0,0,2,0,0,22,NA,20,0,54,89,0,13,154,NA,NA,NA,NA,NA,-9.09090909090909
"94",14685,1,64,1,0,32,"6",0,1,89,2,0,0,0,0,0,0,23,NA,18,0,NA,32,1,13,154,NA,NA,NA,NA,NA,-21.7391304347826
"95",17113,1,67,1,0,32,"6",0,1,89,2,1,0,0,0,0,0,19,NA,15,0,68,86,0,13,154,NA,NA,NA,NA,NA,-21.0526315789474
"96",22541,1,52,1,0,32,"6",0,1,89,2,0,0,0,0,0,0,27,NA,26,0,87,116,0,13,154,NA,NA,NA,NA,NA,-3.7037037037037
"97",27811,1,62,1,0,32,"6",0,1,89,2,1,0,0,0,0,0,15,NA,15,0,54,80,0,13,154,NA,NA,NA,NA,NA,0
"98",39865,1,63,1,0,32,"6",0,1,89,2,0,0,0,0,NA,0,12,NA,NA,0,51,78,0,NA,NA,NA,NA,NA,NA,NA,NA
"99",45275,1,58,1,0,32,"6",0,1,89,2,1,0,0,0,0,0,14,NA,16,1,27,62,1,NA,NA,NA,NA,NA,NA,NA,14.2857142857143
"100",66629,1,61,1,0,32,"6",0,1,89,2,0,0,0,0,3,3,29,NA,31,0,118,129,0,13,154,NA,NA,NA,NA,NA,6.89655172413793
"101",76094,1,65,1,0,32,"6",0,1,89,2,1,0,0,0,0,0,28,NA,21,0,71,89,0,13,154,NA,NA,NA,NA,NA,-25
"102",77446,1,62,0,0,32,"6",0,1,89,2,1,0,0,1,0,0,13,NA,17,0,33,64,0,13,154,NA,NA,NA,NA,NA,30.7692307692308
"103",81201,1,68,1,0,32,"6",0,1,89,2,1,0,0,0,0,0,19,NA,21,0,46,71,0,13,154,NA,NA,NA,NA,NA,10.5263157894737
"104",84752,1,65,0,0,32,"6",0,1,89,2,1,0,0,0,0,NA,17,NA,19,1,NA,NA,0,NA,NA,NA,NA,NA,NA,NA,11.7647058823529
"105",88977,1,60,0,0,32,"6",0,1,89,2,1,0,0,0,0,2,27,NA,26,0,73,96,0,13,154,NA,NA,NA,NA,NA,-3.7037037037037
"106",96310,1,69,1,0,32,"6",0,1,89,2,0,0,0,0,NA,NA,21,0,NA,NA,NA,NA,NA,NA,NA,NA,NA,NA,NA,NA,NA
"107",96721,1,68,0,0,32,"6",0,1,89,2,1,0,0,0,0,0,26,NA,23,0,66,83,0,13,154,NA,NA,NA,NA,NA,-11.5384615384615
"108",505,1,59,1,0,15,"7",0,1,63,3,1,0,0,0,0,0,19,NA,27,0,92,111,0,33,147,NA,NA,0,2,21,42.1052631578947
"109",506,1,63,0,0,15,"7",0,1,63,3,0,0,0,1,NA,NA,24,0,NA,NA,NA,NA,NA,NA,NA,NA,NA,NA,NA,NA,NA
"110",507,1,62,1,0,15,"7",0,1,63,3,0,0,0,0,0,0,24,NA,28,0,104,115,0,33,147,NA,NA,0,2,21,16.6666666666667
"111",508,1,63,0,0,21,"7",0,1,63,3,1,0,0,0,NA,NA,21,0,NA,NA,NA,NA,NA,NA,NA,NA,NA,NA,NA,NA,NA
"112",509,1,65,1,0,21,"7",0,1,63,3,1,0,0,0,0,0,22,NA,23,0,79,96,0,19,131,NA,NA,0,2,12,4.54545454545455
"113",510,1,66,0,0,21,"7",0,1,63,3,1,0,0,0,NA,NA,16,0,NA,NA,NA,NA,NA,NA,NA,NA,NA,NA,NA,NA,NA
"114",518,1,81,0,1,29,"7",0,1,63,3,0,0,0,0,NA,NA,32,0,NA,NA,NA,NA,NA,NA,NA,NA,NA,NA,NA,NA,NA
"115",519,1,74,1,1,29,"7",0,1,63,3,0,0,0,0,0,0,31,NA,30,0,135,128,0,32,163,10,2,10,3,1,-3.2258064516129
"116",520,1,73,1,1,29,"7",0,1,63,3,0,0,0,0,0,0,34,NA,36,0,119,116,0,32,163,10,2,10,3,1,5.88235294117647
"117",521,1,70,0,1,29,"7",0,1,63,3,0,0,0,0,0,0,27,NA,32,0,108,110,0,32,163,10,2,10,3,1,18.5185185185185
"118",522,1,75,0,1,29,"7",0,1,63,3,0,0,0,0,0,0,29,NA,27,0,119,116,0,32,163,10,2,10,3,1,-6.89655172413793
"119",515,1,69,1,0,30,"7",0,1,63,3,0,0,0,0,0,0,27,NA,30,0,104,107,0,33,147,NA,NA,83,1,13,11.1111111111111
"120",516,1,65,0,0,30,"7",0,1,63,3,0,0,0,0,0,0,20,NA,18,0,70,88,0,33,147,NA,NA,83,1,13,-10
"121",517,1,67,1,0,30,"7",0,1,63,3,0,0,0,0,0,0,19,NA,19,0,71,88,0,33,147,NA,NA,83,1,13,0
"122",511,1,61,1,0,55,"7",0,1,63,3,1,0,0,0,0,0,27,NA,23,0,86,105,0,19,131,NA,NA,100,2,15,-14.8148148148148
"123",512,1,68,0,0,55,"7",0,1,63,3,1,0,0,0,0,0,22,NA,17,0,79,91,0,19,131,NA,NA,100,2,15,-22.7272727272727
"124",513,1,69,1,0,55,"7",0,1,63,3,1,0,0,0,NA,NA,25,0,NA,NA,NA,NA,NA,NA,NA,NA,NA,NA,NA,NA,NA
"125",514,1,68,0,0,55,"7",0,1,63,3,1,0,0,0,NA,NA,16,0,NA,NA,NA,NA,NA,NA,NA,NA,NA,NA,NA,NA,NA
"126",200,1,73,1,1,46,"8",0,1,94,3,0,0,0,1,0,0,19,NA,25,0,77,87,0,20,108,3,NA,50,3,6,31.5789473684211
"127",201,1,81,0,1,46,"8",0,1,94,3,0,0,0,1,0,0,20,NA,26,0,61,71,0,20,108,3,NA,50,3,6,30
"128",203,1,78,0,1,46,"8",0,1,94,3,0,0,0,0,0,0,28,NA,31,0,111,104,0,20,108,3,NA,50,3,6,10.7142857142857
"129",204,1,78,1,1,46,"8",0,1,94,3,0,0,0,0,0,0,23,NA,26,0,103,99,0,20,108,3,NA,50,3,6,13.0434782608696
"130",205,1,67,1,1,46,"8",0,1,94,3,0,0,0,0,0,0,23,NA,27,0,100,109,0,20,108,3,NA,50,3,6,17.3913043478261
"131",206,1,76,1,1,46,"8",0,1,94,3,0,0,0,0,0,0,26,NA,25,0,103,101,0,20,108,3,NA,50,3,6,-3.84615384615385
"132",207,1,78,0,1,46,"8",0,1,94,3,0,0,0,1,0,0,25,NA,24,0,84,86,0,20,108,3,NA,50,3,6,-4
"133",208,1,76,0,1,46,"8",0,1,94,3,0,0,0,0,0,0,21,NA,26,0,75,82,0,20,108,3,NA,50,3,6,23.8095238095238
"134",209,1,83,0,1,46,"8",0,1,94,3,0,0,1,0,0,NA,33,NA,30,1,NA,NA,0,NA,NA,NA,NA,NA,NA,NA,-9.09090909090909
"135",210,1,81,1,1,46,"8",0,1,94,3,0,0,0,0,0,0,18,NA,24,0,57,71,0,20,108,3,NA,50,3,6,33.3333333333333
"136",211,1,78,1,1,46,"8",0,1,94,3,0,0,0,NA,0,NA,24,NA,28,0,107,101,0,20,108,3,NA,50,3,6,16.6666666666667
"137",212,1,80,1,1,46,"8",0,1,94,3,0,0,0,0,0,NA,27,NA,26,0,107,99,0,20,108,3,NA,50,3,6,-3.7037037037037
"138",213,1,75,1,1,46,"8",0,1,94,3,0,0,0,0,NA,NA,21,0,NA,NA,NA,NA,NA,NA,NA,NA,NA,NA,NA,NA,NA
"139",214,1,70,0,1,46,"8",0,1,94,3,0,0,0,0,NA,NA,20,0,NA,NA,NA,NA,NA,NA,NA,NA,NA,NA,NA,NA,NA
"140",10710,1,53,1,0,3,"9",0,0,77,2,0,0,0,0,NA,NA,23,NA,NA,0,72,103,0,NA,NA,NA,NA,NA,NA,NA,NA
"141",17540,1,65,0,0,3,"9",0,0,77,2,0,0,0,2,1,NA,25,NA,29,0,82,98,0,1,42,19,2,50,1,15,16
"142",18290,1,46,1,0,3,"9",0,0,77,2,0,0,0,0,0,NA,16,NA,15,0,50,94,0,1,42,19,2,50,1,15,-6.25
"143",44484,1,68,0,0,3,"9",0,0,77,2,0,0,0,0,0,0,18,NA,23,0,57,78,0,1,42,19,2,50,1,15,27.7777777777778
"144",55876,1,52,0,0,3,"9",0,0,77,2,0,0,0,0,0,0,14,NA,25,0,58,92,0,1,42,19,2,50,1,15,78.5714285714286
"145",62321,1,60,1,0,3,"9",0,0,77,2,0,0,0,1,NA,NA,10,1,NA,NA,NA,NA,NA,NA,NA,NA,NA,NA,NA,NA,NA
"146",65576,1,68,0,0,3,"9",0,0,77,2,0,0,0,0,0,1,20,NA,17,0,57,78,0,1,42,19,2,50,1,15,-15
"147",67117,1,68,0,0,3,"9",0,0,77,2,0,0,0,1,1,1,22,NA,27,0,69,85,0,1,42,19,2,50,1,15,22.7272727272727
"148",96992,1,62,1,0,3,"9",0,0,77,2,0,0,0,0,1,1,15,NA,21,0,68,89,0,1,42,19,2,50,1,15,40
"149",97010,1,50,0,0,3,"9",0,0,77,2,0,0,0,0,0,0,22,NA,20,0,70,104,0,1,42,19,2,50,1,15,-9.09090909090909
"150",99997,1,56,1,0,3,"9",0,0,77,2,0,0,0,0,1,0,23,NA,21,0,73,100,0,1,42,19,2,50,1,15,-8.69565217391304
"151",31286,1,51,1,0,43,"9",0,0,77,2,0,0,0,1,NA,NA,18,0,NA,NA,NA,NA,NA,NA,NA,NA,NA,NA,NA,NA,NA
"152",55218,1,61,0,0,43,"9",0,0,77,2,0,0,0,0,0,0,17,NA,23,0,56,83,0,1,112,20,2,74,1.5,4,35.2941176470588
"153",62182,1,49,0,0,43,"9",0,0,77,2,0,0,0,0,1,0,18,NA,19,0,59,98,0,1,112,20,2,74,1.5,4,5.55555555555556
"154",78441,1,62,1,0,43,"9",0,0,77,2,0,0,0,0,0,0,10,NA,11,0,45,74,0,1,112,20,2,74,1.5,4,10
"155",90247,1,64,0,0,43,"9",0,0,77,2,0,0,0,NA,0,0,19,NA,16,0,35,64,0,1,112,20,2,74,1.5,4,-15.7894736842105
"156",14031,1,51,0,0,59,"10",0,1,93,2,0,1,0,3,0,0,9,NA,11,0,29,72,0,0,21,NA,NA,NA,1,11,22.2222222222222
"157",18000,1,66,1,0,59,"10",0,1,93,2,1,0,0,2,0,0,13,NA,13,0,35,64,0,0,21,NA,NA,NA,1,11,0
"158",23588,1,67,0,0,59,"10",0,1,93,2,1,1,0,1,NA,0,12,NA,18,0,43,70,0,0,21,NA,NA,NA,1,11,50
"159",24926,1,51,0,0,59,"10",0,1,93,2,0,0,0,1,3,3,18,NA,18,0,NA,59,1,0,21,NA,NA,NA,1,11,0
"160",26258,1,65,1,0,59,"10",0,1,93,2,1,0,0,0,NA,1,13,NA,11,0,42,70,0,0,21,NA,NA,NA,1,11,-15.3846153846154
"161",27876,1,67,0,0,59,"10",0,1,93,2,1,1,0,1,0,0,22,NA,18,0,63,83,0,0,21,NA,NA,NA,1,11,-18.1818181818182
"162",36215,1,59,1,0,59,"10",0,1,93,2,1,0,0,1,0,0,20,NA,16,0,75,99,0,0,21,NA,NA,NA,1,11,-20
"163",37389,1,47,1,0,59,"10",0,1,93,2,1,1,0,2,3,3,17,NA,13,0,41,88,0,0,21,NA,NA,NA,1,11,-23.5294117647059
"164",41638,1,58,0,0,59,"10",0,1,93,2,0,0,0,1,0,0,15,NA,22,0,63,89,0,0,21,NA,NA,NA,1,11,46.6666666666667
"165",43513,1,61,1,0,59,"10",0,1,93,2,0,0,0,1,0,1,24,NA,19,0,68,91,0,0,21,NA,NA,NA,1,11,-20.8333333333333
"166",51372,1,59,0,0,59,"10",0,1,93,2,1,1,0,1,2,0,13,NA,14,0,33,67,0,0,21,NA,NA,NA,1,11,7.69230769230769
"167",54418,1,62,0,0,59,"10",0,1,93,2,0,0,0,0,0,0,16,NA,15,0,21,54,0,0,21,NA,NA,NA,1,11,-6.25
"168",69150,1,64,1,0,59,"10",0,1,93,2,1,0,0,NA,0,0,22,NA,23,0,65,86,0,0,21,NA,NA,NA,1,11,4.54545454545455
"169",69620,1,67,1,0,59,"10",0,1,93,2,0,0,0,2,NA,NA,13,0,NA,NA,NA,NA,NA,NA,NA,NA,NA,NA,NA,NA,NA
"170",72981,1,68,0,0,59,"10",0,1,93,2,0,0,0,NA,0,3,23,NA,22,0,98,105,0,0,21,NA,NA,NA,1,11,-4.34782608695652
"171",77738,1,52,1,0,59,"10",0,1,93,2,0,0,0,1,NA,NA,12,0,NA,NA,NA,NA,NA,NA,NA,NA,NA,NA,NA,NA,NA
"172",78107,1,56,0,0,59,"10",0,1,93,2,1,0,0,3,0,0,10,NA,14,0,20,56,0,0,21,NA,NA,NA,1,11,40
"173",79513,1,66,0,0,59,"10",0,1,93,2,1,0,0,1,NA,0,17,NA,16,0,52,76,0,0,21,NA,NA,NA,1,11,-5.88235294117647
"174",80354,1,67,0,0,59,"10",0,1,93,2,1,0,0,0,0,0,20,NA,19,0,55,77,0,0,21,NA,NA,NA,1,11,-5
"175",12515,1,52,1,0,13,"11",0,0,20,2,0,0,0,2,1,3,18,NA,23,0,66,98,0,11,95,15,3,0,1.5,8,27.7777777777778
"176",19113,1,65,1,0,13,"11",0,0,20,2,0,0,0,0,0,0,29,NA,32,0,93,106,0,11,95,15,3,0,1.5,8,10.3448275862069
"177",23265,1,64,1,0,13,"11",0,0,20,2,0,0,0,1,0,0,20,NA,21,0,84,100,0,11,95,15,3,0,1.5,8,5
"178",23842,1,67,1,0,13,"11",0,0,20,2,0,0,0,0,1,3,28,NA,19,0,75,90,0,11,95,15,3,0,1.5,8,-32.1428571428571
"179",31822,1,53,0,0,13,"11",0,0,20,2,0,0,0,1,NA,NA,15,1,NA,NA,NA,NA,NA,NA,NA,NA,NA,NA,NA,NA,NA
"180",59619,1,66,0,0,13,"11",0,0,20,2,0,0,0,0,0,0,29,NA,28,0,89,101,0,11,95,15,3,0,1.5,8,-3.44827586206897
"181",73477,1,69,0,0,13,"11",0,0,20,2,0,0,0,0,0,0,32,NA,31,0,114,116,0,11,95,15,3,0,1.5,8,-3.125
"182",74278,1,67,0,0,13,"11",0,0,20,2,0,1,0,1,1,1,21,NA,27,0,80,94,0,11,95,15,3,0,1.5,8,28.5714285714286
"183",89378,1,67,1,0,13,"11",0,0,20,2,0,0,0,1,0,0,27,NA,31,0,130,131,0,11,95,15,3,0,1.5,8,14.8148148148148
"184",29020,1,63,1,0,53,"11",0,0,20,2,0,0,0,0,0,0,25,NA,30,0,100,111,0,40,74,15,5,0,2,14,20
"185",29560,1,62,0,0,53,"11",0,0,20,2,0,0,0,0,NA,NA,27,0,NA,NA,NA,NA,NA,NA,NA,NA,NA,NA,NA,NA,NA
"186",55029,1,61,0,0,53,"11",0,0,20,2,0,1,0,0,NA,NA,29,0,NA,NA,NA,NA,NA,NA,NA,NA,NA,NA,NA,NA,NA
"187",57505,1,58,1,0,53,"11",0,0,20,2,0,0,0,0,NA,NA,24,0,NA,NA,NA,NA,NA,NA,NA,NA,NA,NA,NA,NA,NA
"188",61594,1,62,1,0,53,"11",0,0,20,2,0,0,0,0,NA,NA,26,0,NA,NA,NA,NA,NA,NA,NA,NA,NA,NA,NA,NA,NA
"189",77030,1,63,0,0,53,"11",0,0,20,2,0,0,0,0,0,0,34,NA,32,0,119,128,0,40,74,15,5,0,2,14,-5.88235294117647
"190",78882,1,60,0,0,53,"11",0,0,20,2,0,0,0,1,0,2,22,NA,23,0,74,96,0,40,74,15,5,0,2,14,4.54545454545455
"191",84122,1,58,0,0,53,"11",0,0,20,2,0,1,0,2,NA,NA,20,0,NA,NA,NA,NA,NA,NA,NA,NA,NA,NA,NA,NA,NA
"192",90225,1,60,1,0,53,"11",0,0,20,2,0,0,0,1,0,0,26,NA,33,0,84,104,0,40,74,15,5,0,2,14,26.9230769230769
"193",13016,0,65,0,0,50,"12",0,1,94,2,0,0,0,0,0,0,21,NA,28,0,108,116,0,NA,NA,NA,NA,0,2.5,5,33.3333333333333
"194",14863,0,51,1,0,50,"12",0,1,94,2,0,0,0,2,NA,NA,12,1,NA,NA,NA,NA,NA,NA,NA,NA,NA,NA,NA,NA,NA
"195",15624,0,59,1,0,50,"12",0,1,94,2,0,0,0,1,1,1,20,NA,28,0,92,111,0,NA,NA,NA,NA,0,2.5,5,40
"196",30960,0,64,1,0,50,"12",0,1,94,2,0,0,0,0,NA,NA,21,0,NA,NA,NA,NA,NA,NA,NA,NA,NA,NA,NA,NA,NA
"197",34134,0,64,1,0,50,"12",0,1,94,2,0,0,0,0,0,0,24,NA,26,0,107,115,0,NA,NA,NA,NA,0,2.5,5,8.33333333333333
"198",35332,0,67,0,0,50,"12",0,1,94,2,1,0,0,2,NA,NA,13,1,NA,NA,NA,NA,NA,NA,NA,NA,NA,NA,NA,NA,NA
"199",35373,0,57,0,0,50,"12",0,1,94,2,0,0,0,0,0,1,19,NA,23,0,72,99,0,NA,NA,NA,NA,0,2.5,5,21.0526315789474
"200",51872,0,55,0,0,50,"12",0,1,94,2,0,0,0,1,2,3,18,NA,20,0,73,100,0,NA,NA,NA,NA,0,2.5,5,11.1111111111111
"201",56423,0,63,1,0,50,"12",0,1,94,2,0,0,0,1,0,0,24,NA,23,0,96,110,0,NA,NA,NA,NA,0,2.5,5,-4.16666666666667
"202",59972,0,59,1,0,50,"12",0,1,94,2,0,0,0,2,1,2,14,NA,19,0,36,70,0,NA,NA,NA,NA,0,2.5,5,35.7142857142857
"203",64550,0,67,1,0,50,"12",0,1,94,2,0,0,0,0,0,0,26,NA,27,0,102,110,0,NA,NA,NA,NA,0,2.5,5,3.84615384615385
"204",67042,0,56,1,0,50,"12",0,1,94,2,0,0,0,1,0,0,23,NA,19,0,53,84,0,NA,NA,NA,NA,0,2.5,5,-17.3913043478261
"205",68950,0,59,0,0,50,"12",0,1,94,2,0,0,0,0,NA,NA,21,0,NA,NA,NA,NA,NA,NA,NA,NA,NA,NA,NA,NA,NA
"206",81507,0,46,0,0,50,"12",0,1,94,2,0,0,0,2,1,1,16,NA,12,0,40,87,0,NA,NA,NA,NA,0,2.5,5,-25
"207",85588,0,68,0,0,50,"12",0,1,94,2,0,0,0,1,0,1,24,NA,27,0,84,96,0,NA,NA,NA,NA,0,2.5,5,12.5
"208",98691,0,69,1,0,50,"12",0,1,94,2,0,0,0,0,NA,NA,23,0,NA,NA,NA,NA,NA,NA,NA,NA,NA,NA,NA,NA,NA
"209",99813,0,66,1,0,50,"12",0,1,94,2,0,0,0,0,NA,NA,16,0,NA,NA,NA,NA,NA,NA,NA,NA,NA,NA,NA,NA,NA
"210",99933,0,65,1,0,50,"12",0,1,94,2,0,0,0,0,0,0,29,NA,26,0,101,111,0,NA,NA,NA,NA,0,2.5,5,-10.3448275862069
"211",10998,0,72,0,1,54,"13",0,0,34,2,0,0,0,2,NA,NA,29,0,NA,NA,NA,NA,NA,NA,NA,NA,NA,NA,NA,NA,NA
"212",20624,0,85,1,1,54,"13",0,0,34,2,0,0,0,0,0,0,30,NA,29,0,103,90,0,NA,NA,NA,NA,0,2,8,-3.33333333333333
"213",22082,0,79,0,1,54,"13",0,0,34,2,0,0,0,0,NA,NA,29,0,NA,NA,NA,NA,NA,NA,NA,NA,NA,NA,NA,NA,NA
"214",27374,0,81,0,1,54,"13",0,0,34,2,0,0,0,0,0,0,22,NA,25,0,109,98,0,NA,NA,NA,NA,0,2,8,13.6363636363636
"215",34210,0,77,1,1,54,"13",0,0,34,2,0,0,0,NA,0,0,26,NA,29,0,127,117,0,NA,NA,NA,NA,0,2,8,11.5384615384615
"216",36471,0,74,0,1,54,"13",0,0,34,2,0,0,0,NA,0,0,28,NA,31,0,116,113,0,NA,NA,NA,NA,0,2,8,10.7142857142857
"217",37998,0,74,1,1,54,"13",0,0,34,2,0,0,0,0,0,1,24,NA,26,0,98,99,0,NA,NA,NA,NA,0,2,8,8.33333333333333
"218",39534,0,73,1,1,54,"13",0,0,34,2,0,0,0,0,NA,NA,28,0,NA,NA,NA,NA,NA,NA,NA,NA,NA,NA,NA,NA,NA
"219",43671,0,70,1,1,54,"13",0,0,34,2,0,0,0,2,2,1,26,NA,30,0,92,99,0,NA,NA,NA,NA,0,2,8,15.3846153846154
"220",51031,0,75,1,1,54,"13",0,0,34,2,0,0,0,0,0,0,23,NA,26,0,79,84,0,NA,NA,NA,NA,0,2,8,13.0434782608696
"221",56451,0,81,0,1,54,"13",0,0,34,2,0,0,0,0,0,0,31,NA,31,0,125,111,0,NA,NA,NA,NA,0,2,8,0
"222",61175,0,86,0,1,54,"13",0,0,34,2,0,0,0,0,0,0,31,NA,32,0,127,108,0,NA,NA,NA,NA,0,2,8,3.2258064516129
"223",68848,0,70,0,1,54,"13",0,0,34,2,0,0,0,2,NA,NA,29,0,NA,NA,NA,NA,NA,NA,NA,NA,NA,NA,NA,NA,NA
"224",71191,0,72,1,1,54,"13",0,0,34,2,0,0,0,0,0,0,27,NA,32,0,113,111,0,NA,NA,NA,NA,0,2,8,18.5185185185185
"225",74396,0,73,0,1,54,"13",0,0,34,2,0,0,0,2,0,0,23,NA,30,0,102,102,0,NA,NA,NA,NA,0,2,8,30.4347826086957
"226",75356,0,73,0,1,54,"13",0,0,34,2,0,0,0,1,NA,NA,27,0,NA,NA,NA,NA,NA,NA,NA,NA,NA,NA,NA,NA,NA
"227",82566,0,72,1,1,54,"13",0,0,34,2,0,0,0,0,0,0,30,NA,30,0,123,120,0,NA,NA,NA,NA,0,2,8,0
"228",96061,0,79,0,1,54,"13",0,0,34,2,0,0,0,0,NA,NA,31,0,NA,NA,NA,NA,NA,NA,NA,NA,NA,NA,NA,NA,NA
"229",10989,1,81,0,1,37,"14",0,1,45,1,0,0,0,0,0,0,33,NA,33,0,126,112,0,21,89,22,5,10,2,45,0
"230",13068,1,80,0,1,37,"14",0,1,45,1,0,0,0,0,0,1,34,NA,33,0,111,102,0,21,89,22,5,10,2,45,-2.94117647058824
"231",19922,1,80,0,1,37,"14",0,1,45,1,0,0,0,NA,0,0,31,NA,28,0,101,94,0,21,89,22,5,10,2,45,-9.67741935483871
"232",22793,1,71,1,1,37,"14",0,1,45,1,0,0,0,0,NA,NA,35,0,NA,NA,NA,NA,NA,NA,NA,NA,NA,NA,NA,NA,NA
"233",25338,1,76,1,1,37,"14",0,1,45,1,0,0,0,0,0,1,29,NA,30,0,108,104,0,21,89,22,5,10,2,45,3.44827586206897
"234",28641,1,72,1,1,37,"14",0,1,45,1,0,0,0,1,0,0,34,NA,34,0,124,120,0,21,89,22,5,10,2,45,0
"235",41475,1,77,0,1,37,"14",0,1,45,1,0,0,0,0,0,0,32,NA,33,0,91,89,0,21,89,22,5,10,2,45,3.125
"236",45247,1,76,0,1,37,"14",0,1,45,1,0,0,0,0,NA,NA,22,0,NA,NA,NA,NA,NA,NA,NA,NA,NA,NA,NA,NA,NA
"237",64986,1,74,0,1,37,"14",0,1,45,1,0,0,0,0,NA,NA,28,0,NA,NA,NA,NA,NA,NA,NA,NA,NA,NA,NA,NA,NA
"238",70112,1,82,1,1,37,"14",0,1,45,1,0,0,0,0,NA,NA,34,0,NA,NA,NA,NA,NA,NA,NA,NA,NA,NA,NA,NA,NA
"239",78430,1,67,1,1,37,"14",0,1,45,1,0,0,0,0,0,0,24,NA,17,0,103,109,0,21,89,22,5,10,2,45,-29.1666666666667
"240",82310,1,70,1,1,37,"14",0,1,45,1,0,0,0,0,0,0,32,NA,30,0,114,114,0,21,89,22,5,10,2,45,-6.25
"241",82893,1,71,0,1,37,"14",0,1,45,1,0,0,0,0,0,0,27,NA,29,0,94,100,0,21,89,22,5,10,2,45,7.40740740740741
"242",88695,1,75,1,1,37,"14",0,1,45,1,0,0,0,0,0,0,29,NA,27,0,89,91,0,21,89,22,5,10,2,45,-6.89655172413793
"243",93115,1,76,0,1,37,"14",0,1,45,1,0,0,0,0,NA,NA,29,0,NA,NA,NA,NA,NA,NA,NA,NA,NA,NA,NA,NA,NA
"244",93328,1,70,1,1,37,"14",0,1,45,1,0,0,0,0,0,0,29,NA,29,0,101,105,0,21,89,22,5,10,2,45,0
"245",94571,1,78,1,1,37,"14",0,1,45,1,0,0,0,0,1,0,28,NA,32,0,95,91,0,21,89,22,5,10,2,45,14.2857142857143
"246",95162,1,78,0,1,37,"14",0,1,45,1,0,0,0,0,0,0,33,NA,36,0,NA,NA,1,21,89,22,5,10,2,45,9.09090909090909
"247",16483,0,69,0,0,57,"15",1,0,0,1,0,0,0,2,0,2,32,NA,35,0,109,111,0,NA,NA,NA,NA,5,2,18,9.375
"248",17714,0,60,0,0,57,"15",1,0,0,1,0,0,1,0,NA,NA,20,1,NA,NA,NA,NA,NA,NA,NA,NA,NA,NA,NA,NA,NA
"249",18454,0,70,0,0,57,"15",1,0,0,1,0,0,1,NA,NA,NA,25,1,NA,NA,NA,NA,NA,NA,NA,NA,NA,NA,NA,NA,NA
"250",38171,0,61,0,0,57,"15",1,0,0,1,0,0,0,1,0,0,18,NA,25,0,83,103,0,NA,NA,NA,NA,5,2,18,38.8888888888889
"251",42307,0,60,1,0,57,"15",1,0,0,1,0,0,0,0,NA,NA,28,0,NA,NA,NA,NA,NA,NA,NA,NA,NA,NA,NA,NA,NA
"252",47313,0,61,1,0,57,"15",1,0,0,1,0,0,0,0,0,0,20,NA,23,0,67,90,0,NA,NA,NA,NA,5,2,18,15
"253",48366,0,69,1,0,57,"15",1,0,0,1,0,0,0,1,0,0,26,NA,26,0,89,97,0,NA,NA,NA,NA,5,2,18,0
"254",65663,0,61,1,0,57,"15",1,0,0,1,0,0,0,1,2,0,26,NA,32,0,117,125,0,NA,NA,NA,NA,5,2,18,23.0769230769231
"255",68604,0,57,0,0,57,"15",1,0,0,1,0,0,0,1,0,NA,28,NA,28,0,NA,NA,0,NA,NA,NA,NA,5,2,18,0
"256",76167,0,57,0,0,57,"15",1,0,0,1,0,0,0,0,0,2,25,NA,25,0,77,101,0,NA,NA,NA,NA,5,2,18,0
"257",82254,0,58,1,0,57,"15",1,0,0,1,0,0,1,2,NA,NA,19,1,NA,NA,NA,NA,NA,NA,NA,NA,NA,NA,NA,NA,NA
"258",85418,0,70,1,0,57,"15",1,0,0,1,0,0,0,0,0,0,26,NA,28,0,116,117,0,NA,NA,NA,NA,5,2,18,7.69230769230769
"259",88237,0,65,0,0,57,"15",1,0,0,1,0,0,0,0,0,0,31,NA,30,0,109,115,0,NA,NA,NA,NA,5,2,18,-3.2258064516129
"260",19548,1,74,1,1,2,"16",0,1,53,3,0,0,0,0,0,0,29,NA,32,0,127,121,0,6,45,21,3,50,2,5,10.3448275862069
"261",30929,1,80,1,1,2,"16",0,1,53,3,0,0,0,1,0,0,29,NA,31,0,119,109,0,6,45,21,3,50,2,5,6.89655172413793
"262",34033,1,72,0,1,2,"16",0,1,53,3,0,0,0,0,0,0,25,NA,21,0,98,101,0,6,45,21,3,50,2,5,-16
"263",34095,1,78,1,1,2,"16",0,1,53,3,0,0,0,0,NA,NA,31,0,NA,NA,NA,NA,NA,NA,NA,NA,NA,NA,NA,NA,NA
"264",46587,1,81,0,1,2,"16",0,1,53,3,0,0,0,0,NA,NA,31,0,NA,NA,NA,NA,NA,NA,NA,NA,NA,NA,NA,NA,NA
"265",49845,1,72,0,1,2,"16",0,1,53,3,0,0,0,0,0,0,29,NA,31,0,110,109,0,6,45,21,3,50,2,5,6.89655172413793
"266",57467,1,76,0,1,2,"16",0,1,53,3,0,0,0,0,NA,NA,27,0,NA,NA,NA,NA,NA,NA,NA,NA,NA,NA,NA,NA,NA
"267",64185,1,74,0,1,2,"16",0,1,53,3,0,0,0,0,0,0,27,NA,32,0,109,108,0,6,45,21,3,50,2,5,18.5185185185185
"268",64312,1,73,0,1,2,"16",0,1,53,3,0,0,0,0,NA,NA,25,0,NA,NA,NA,NA,NA,NA,NA,NA,NA,NA,NA,NA,NA
"269",72199,1,77,1,1,2,"16",0,1,53,3,0,0,0,0,0,0,29,NA,28,0,124,114,0,6,45,21,3,50,2,5,-3.44827586206897
"270",72958,1,73,1,1,2,"16",0,1,53,3,0,0,0,0,0,NA,28,NA,29,0,NA,NA,0,6,45,21,3,50,2,5,3.57142857142857
"271",72978,1,73,1,1,2,"16",0,1,53,3,0,0,0,0,0,0,27,NA,31,0,100,101,0,6,45,21,3,50,2,5,14.8148148148148
"272",76599,1,72,0,1,2,"16",0,1,53,3,0,0,0,0,0,0,30,NA,34,0,119,117,0,6,45,21,3,50,2,5,13.3333333333333
"273",90046,1,81,0,1,2,"16",0,1,53,3,0,0,0,0,0,0,34,NA,33,0,126,112,0,6,45,21,3,50,2,5,-2.94117647058824
"274",98142,1,73,0,1,2,"16",0,1,53,3,0,0,0,0,0,0,26,NA,29,0,109,108,0,6,45,21,3,50,2,5,11.5384615384615
"275",98457,1,77,1,1,2,"16",0,1,53,3,0,0,0,0,0,0,29,NA,31,0,99,98,0,6,45,21,3,50,2,5,6.89655172413793
"276",21279,1,66,0,0,16,"17",0,1,87,2,0,0,0,1,NA,NA,20,1,NA,NA,NA,NA,NA,NA,NA,NA,NA,NA,NA,NA,NA
"277",33741,1,67,0,0,16,"17",0,1,87,2,0,0,0,1,0,0,29,NA,31,0,118,121,0,29,119,23,2,0,2,30,6.89655172413793
"278",33850,1,58,0,0,16,"17",0,1,87,2,0,1,0,1,NA,1,12,NA,NA,NA,43,77,0,NA,NA,NA,NA,NA,NA,NA,NA
"279",46449,1,65,1,0,16,"17",0,1,87,2,0,0,0,0,NA,NA,19,0,NA,NA,NA,NA,NA,NA,NA,NA,NA,NA,NA,NA,NA
"280",58323,1,58,0,0,16,"17",0,1,87,2,0,0,0,0,0,1,19,NA,25,0,55,84,0,29,119,23,2,0,2,30,31.5789473684211
"281",62347,1,59,1,0,16,"17",0,1,87,2,0,0,0,0,0,NA,24,NA,26,0,NA,NA,0,29,119,23,2,0,2,30,8.33333333333333
"282",78567,1,60,0,0,16,"17",0,1,87,2,0,0,0,1,0,0,23,NA,28,0,96,112,0,29,119,23,2,0,2,30,21.7391304347826
"283",91881,1,61,1,0,16,"17",0,1,87,2,0,0,0,0,0,0,21,NA,26,0,90,108,0,29,119,23,2,0,2,30,23.8095238095238
"284",19571,1,50,1,0,48,"17",0,1,87,2,0,0,0,0,0,0,22,NA,21,0,63,98,0,15,57,20,2,27,2,7,-4.54545454545455
"285",24945,1,49,0,0,48,"17",0,1,87,2,0,0,0,1,0,0,18,NA,20,0,62,100,0,15,57,20,2,27,2,7,11.1111111111111
"286",54852,1,65,1,0,48,"17",0,1,87,2,0,0,0,0,NA,NA,25,0,NA,NA,NA,NA,NA,NA,NA,NA,NA,NA,NA,NA,NA
"287",57269,1,55,1,0,48,"17",0,1,87,2,0,0,0,0,0,0,25,NA,28,0,72,101,0,15,57,20,2,27,2,7,12
"288",70538,1,51,1,0,48,"17",0,1,87,2,0,0,0,1,1,0,14,NA,11,0,27,70,0,15,57,20,2,27,2,7,-21.4285714285714
"289",72001,1,46,0,0,48,"17",0,1,87,2,0,0,0,0,1,1,21,NA,24,0,39,86,0,15,57,20,2,27,2,7,14.2857142857143
"290",73520,1,56,0,0,48,"17",0,1,87,2,0,1,0,1,1,1,12,NA,18,0,32,68,0,15,57,20,2,27,2,7,50
"291",79130,1,68,0,0,48,"17",0,1,87,2,0,0,0,1,NA,NA,25,0,NA,NA,NA,NA,NA,NA,NA,NA,NA,NA,NA,NA,NA
"292",79710,1,49,0,0,48,"17",0,1,87,2,0,1,0,1,NA,NA,10,1,NA,NA,NA,NA,NA,NA,NA,NA,NA,NA,NA,NA,NA
"293",83120,1,49,1,0,48,"17",0,1,87,2,0,0,0,1,1,0,11,NA,15,0,39,82,0,15,57,20,2,27,2,7,36.3636363636364
"294",10386,1,79,1,1,41,"18",1,0,0,3,0,0,0,0,0,NA,28,NA,29,0,NA,NA,0,0,29,10,5,0,2,20,3.57142857142857
"295",12973,1,75,0,1,41,"18",1,0,0,3,0,0,0,1,0,0,29,NA,32,0,102,102,0,0,29,10,5,0,2,20,10.3448275862069
"296",20427,1,80,1,1,41,"18",1,0,0,3,0,0,0,0,0,0,26,NA,29,0,120,109,0,0,29,10,5,0,2,20,11.5384615384615
"297",26782,1,70,0,1,41,"18",1,0,0,3,0,0,0,1,0,0,30,NA,32,0,109,103,0,0,29,10,5,0,2,20,6.66666666666667
"298",29395,1,79,1,1,41,"18",1,0,0,3,0,0,0,0,0,0,30,NA,33,0,107,99,0,0,29,10,5,0,2,20,10
"299",33592,1,72,0,1,41,"18",1,0,0,3,0,0,0,1,0,0,22,NA,33,0,113,111,0,0,29,10,5,0,2,20,50
"300",34938,1,79,1,1,41,"18",1,0,0,3,0,0,0,0,NA,NA,31,0,NA,NA,NA,NA,NA,NA,NA,NA,NA,NA,NA,NA,NA
"301",37103,1,79,1,1,41,"18",1,0,0,3,0,0,0,0,NA,NA,32,0,NA,NA,NA,NA,NA,NA,NA,NA,NA,NA,NA,NA,NA
"302",39982,1,80,0,1,41,"18",1,0,0,3,0,0,0,1,NA,1,29,NA,34,0,120,109,0,0,29,10,5,0,2,20,17.2413793103448
"303",50367,1,80,1,1,41,"18",1,0,0,3,0,0,0,NA,NA,0,29,NA,30,0,107,99,0,0,29,10,5,0,2,20,3.44827586206897
"304",60127,1,79,1,1,41,"18",1,0,0,3,0,0,0,0,NA,NA,35,0,NA,NA,NA,NA,NA,NA,NA,NA,NA,NA,NA,NA,NA
"305",70121,1,76,1,1,41,"18",1,0,0,3,0,0,0,0,0,0,35,NA,35,0,146,134,0,0,29,10,5,0,2,20,0
"306",70574,1,74,0,1,41,"18",1,0,0,3,0,0,0,0,0,0,25,NA,28,0,79,86,0,0,29,10,5,0,2,20,12
"307",72872,1,80,0,1,41,"18",1,0,0,3,0,0,0,0,NA,NA,28,0,NA,NA,NA,NA,NA,NA,NA,NA,NA,NA,NA,NA,NA
"308",78769,1,70,1,1,41,"18",1,0,0,3,0,0,0,0,0,0,30,NA,32,0,124,123,0,0,29,10,5,0,2,20,6.66666666666667
"309",92999,1,75,1,1,41,"18",1,0,0,3,0,0,0,0,0,0,35,NA,37,0,120,116,0,0,29,10,5,0,2,20,5.71428571428571
"310",400,0,63,1,0,22,"19",0,0,22,2,0,0,0,0,0,0,18,NA,22,0,73,93,0,NA,NA,NA,NA,13,1,20,22.2222222222222
"311",14485,0,63,1,0,22,"19",0,0,22,2,0,0,0,0,0,0,20,NA,26,0,63,86,0,NA,NA,NA,NA,13,1,20,30
"312",14925,0,58,1,0,22,"19",0,0,22,2,0,0,0,1,1,1,26,NA,21,0,81,103,0,NA,NA,NA,NA,13,1,20,-19.2307692307692
"313",20886,0,62,0,0,22,"19",0,0,22,2,0,0,0,0,0,1,23,NA,20,0,63,86,0,NA,NA,NA,NA,13,1,20,-13.0434782608696
"314",28462,0,57,0,0,22,"19",0,0,22,2,0,0,0,0,0,2,28,NA,30,0,110,124,0,NA,NA,NA,NA,13,1,20,7.14285714285714
"315",29514,0,60,1,0,22,"19",0,0,22,2,0,0,0,1,0,0,26,NA,27,0,59,85,0,NA,NA,NA,NA,13,1,20,3.84615384615385
"316",35847,0,66,0,0,22,"19",0,0,22,2,0,0,0,0,0,0,24,NA,28,0,76,91,0,NA,NA,NA,NA,13,1,20,16.6666666666667
"317",41571,0,46,0,0,22,"19",0,0,22,2,0,0,0,1,0,0,20,NA,17,0,55,98,0,NA,NA,NA,NA,13,1,20,-15
"318",47696,0,56,1,0,22,"19",0,0,22,2,0,0,0,0,0,0,28,NA,27,0,97,117,0,NA,NA,NA,NA,13,1,20,-3.57142857142857
"319",54142,0,67,0,0,22,"19",0,0,22,2,0,0,0,0,NA,NA,28,0,NA,NA,NA,NA,NA,NA,NA,NA,NA,NA,NA,NA,NA
"320",68944,0,45,0,0,22,"19",0,0,22,2,0,0,0,1,0,0,18,NA,21,0,85,122,0,NA,NA,NA,NA,13,1,20,16.6666666666667
"321",71186,0,63,1,0,22,"19",0,0,22,2,0,0,0,0,0,0,18,NA,20,0,64,87,0,NA,NA,NA,NA,13,1,20,11.1111111111111
"322",75177,0,52,0,0,22,"19",0,0,22,2,0,0,0,0,1,2,24,NA,28,0,97,122,0,NA,NA,NA,NA,13,1,20,16.6666666666667
"323",80111,0,68,0,0,22,"19",0,0,22,2,0,0,0,0,0,0,25,NA,28,0,99,106,0,NA,NA,NA,NA,13,1,20,12
"324",91652,0,52,0,0,22,"19",0,0,22,2,0,1,0,0,NA,NA,24,0,NA,NA,NA,NA,NA,NA,NA,NA,NA,NA,NA,NA,NA
"325",301,0,68,0,0,18,"20",0,1,95,2,1,0,0,NA,0,0,20,NA,27,0,87,98,0,NA,NA,NA,NA,27,2,16,35
"326",302,0,64,0,0,18,"20",0,1,95,2,0,0,0,3,3,3,22,NA,19,0,76,93,0,NA,NA,NA,NA,27,2,16,-13.6363636363636
"327",303,0,60,0,0,18,"20",0,1,95,2,1,0,0,2,0,0,9,NA,14,0,55,83,0,NA,NA,NA,NA,27,2,16,55.5555555555556
"328",304,0,53,1,0,18,"20",0,1,95,2,1,0,0,0,0,0,23,NA,21,0,79,107,0,NA,NA,NA,NA,27,2,16,-8.69565217391304
"329",305,0,68,0,0,18,"20",0,1,95,2,1,0,0,0,0,0,23,NA,23,0,80,99,0,NA,NA,NA,NA,27,2,16,0
"330",306,0,63,1,0,18,"20",0,1,95,2,1,0,0,1,0,0,16,NA,19,0,59,82,0,NA,NA,NA,NA,27,2,16,18.75
"331",307,0,62,1,0,18,"20",0,1,95,2,1,0,0,NA,NA,NA,10,1,NA,NA,NA,NA,NA,NA,NA,NA,NA,NA,NA,NA,NA
"332",308,0,63,1,0,18,"20",0,1,95,2,1,0,0,0,0,0,18,NA,21,0,61,84,0,NA,NA,NA,NA,27,2,16,16.6666666666667
"333",309,0,49,1,0,18,"20",0,1,95,2,1,0,0,NA,0,0,12,NA,13,0,46,85,0,NA,NA,NA,NA,27,2,16,8.33333333333333
"334",310,0,68,0,0,18,"20",0,1,95,2,1,0,0,0,NA,0,16,NA,18,0,28,56,0,NA,NA,NA,NA,27,2,16,12.5
"335",311,0,67,0,0,18,"20",0,1,95,2,0,0,0,0,NA,NA,16,0,NA,NA,NA,NA,NA,NA,NA,NA,NA,NA,NA,NA,NA
"336",312,0,59,1,0,18,"20",0,1,95,2,1,0,0,0,NA,2,24,NA,22,0,54,82,0,NA,NA,NA,NA,27,2,16,-8.33333333333333
"337",313,0,64,0,0,18,"20",0,1,95,2,1,0,0,0,NA,NA,14,1,NA,NA,NA,NA,NA,NA,NA,NA,NA,NA,NA,NA,NA
"338",314,0,68,0,0,18,"20",0,1,95,2,1,0,0,0,0,0,26,NA,26,0,82,93,0,NA,NA,NA,NA,27,2,16,0
"339",315,0,64,0,0,18,"20",0,1,95,2,0,0,0,2,0,0,19,NA,24,0,89,103,0,NA,NA,NA,NA,27,2,16,26.3157894736842
"340",316,0,68,0,0,18,"20",0,1,95,2,1,0,0,0,0,0,19,NA,27,0,69,85,0,NA,NA,NA,NA,27,2,16,42.1052631578947
"341",317,0,65,0,0,18,"20",0,1,95,2,0,0,0,3,NA,0,26,NA,25,0,82,96,0,NA,NA,NA,NA,27,2,16,-3.84615384615385
"342",318,0,61,1,0,18,"20",0,1,95,2,0,0,0,2,2,1,19,NA,16,0,66,89,0,NA,NA,NA,NA,27,2,16,-15.7894736842105
"343",27284,1,81,1,1,52,"21",0,1,89,2,0,0,0,0,NA,NA,24,0,NA,NA,NA,NA,NA,NA,NA,NA,NA,NA,NA,NA,NA
"344",39486,1,72,1,1,52,"21",0,1,89,2,0,0,0,0,0,0,29,NA,29,0,104,105,0,0,11,22,3,0,2,7,0
"345",41275,1,69,0,1,52,"21",0,1,89,2,0,0,0,0,NA,3,26,NA,29,0,116,117,0,0,11,22,3,0,2,7,11.5384615384615
"346",43557,1,67,0,1,52,"21",0,1,89,2,0,0,0,0,0,0,30,NA,28,0,74,88,0,0,11,22,3,0,2,7,-6.66666666666667
"347",47746,1,74,0,1,52,"21",0,1,89,2,0,0,0,0,NA,NA,33,NA,32,0,130,130,0,0,11,22,3,0,2,7,-3.03030303030303
"348",77572,1,74,1,1,52,"21",0,1,89,2,0,0,0,0,NA,NA,23,0,NA,NA,NA,NA,NA,NA,NA,NA,NA,NA,NA,NA,NA
"349",80304,1,70,1,1,52,"21",0,1,89,2,0,0,0,0,0,0,29,NA,28,0,97,102,0,0,11,22,3,0,2,7,-3.44827586206897
"350",82618,1,74,1,1,52,"21",0,1,89,2,0,0,0,0,0,2,25,NA,30,0,103,103,0,0,11,22,3,0,2,7,20
"351",321,1,66,1,1,61,"21",0,1,89,2,0,0,0,0,NA,NA,28,0,NA,NA,NA,NA,NA,NA,NA,NA,NA,NA,NA,NA,NA
"352",12901,1,73,1,1,61,"21",0,1,89,2,0,0,0,0,0,0,23,NA,26,0,79,86,0,18,80,22,2,28,3,8,13.0434782608696
"353",15240,1,77,1,1,61,"21",0,1,89,2,0,0,0,0,0,0,27,NA,23,0,82,85,0,18,80,22,2,28,3,8,-14.8148148148148
"354",34374,1,77,1,1,61,"21",0,1,89,2,0,0,0,0,0,0,30,NA,31,0,118,110,0,18,80,22,2,28,3,8,3.33333333333333
"355",40255,1,78,1,1,61,"21",0,1,89,2,0,0,0,0,0,0,25,NA,30,0,129,119,0,18,80,22,2,28,3,8,20
"356",45669,1,75,0,1,61,"21",0,1,89,2,0,0,0,0,0,0,27,NA,31,0,117,111,0,18,80,22,2,28,3,8,14.8148148148148
"357",49154,1,77,1,1,61,"21",0,1,89,2,0,0,0,0,0,0,28,NA,32,0,105,100,0,18,80,22,2,28,3,8,14.2857142857143
"358",77247,1,69,0,1,61,"21",0,1,89,2,0,0,0,0,0,3,25,NA,28,0,58,77,0,18,80,22,2,28,3,8,12
"359",85389,1,72,0,1,61,"21",0,1,89,2,0,1,0,0,0,0,25,NA,17,0,87,93,0,18,80,22,2,28,3,8,-32
"360",87107,1,74,1,1,61,"21",0,1,89,2,0,0,0,0,NA,NA,28,0,NA,NA,NA,NA,NA,NA,NA,NA,NA,NA,NA,NA,NA
"361",120,1,80,1,1,6,"22",0,1,74,1,0,0,0,0,0,1,21,NA,27,0,86,85,0,3,24,NA,4,50,1,22,28.5714285714286
"362",121,1,80,0,1,6,"22",0,1,74,1,0,0,0,0,NA,NA,27,0,NA,NA,NA,NA,NA,NA,NA,NA,NA,NA,NA,NA,NA
"363",123,1,76,1,1,6,"22",0,1,74,1,0,0,0,0,NA,NA,24,0,NA,NA,NA,NA,NA,NA,NA,NA,NA,NA,NA,NA,NA
"364",124,1,73,1,1,6,"22",0,1,74,1,0,0,0,0,0,0,27,NA,27,0,103,103,0,3,24,NA,4,50,1,22,0
"365",125,1,75,1,1,6,"22",0,1,74,1,0,0,0,0,0,0,28,NA,28,0,77,85,0,3,24,NA,4,50,1,22,0
"366",126,1,76,0,1,6,"22",0,1,74,1,0,0,0,0,NA,NA,22,0,NA,NA,NA,NA,NA,NA,NA,NA,NA,NA,NA,NA,NA
"367",127,1,73,0,1,6,"22",0,1,74,1,0,0,0,0,NA,NA,15,0,NA,NA,NA,NA,NA,NA,NA,NA,NA,NA,NA,NA,NA
"368",128,1,79,1,1,6,"22",0,1,74,1,0,0,0,0,NA,NA,28,0,NA,NA,NA,NA,NA,NA,NA,NA,NA,NA,NA,NA,NA
"369",129,1,79,0,1,6,"22",0,1,74,1,0,0,0,0,0,0,31,NA,28,0,111,102,0,3,24,NA,4,50,1,22,-9.67741935483871
"370",130,1,76,0,1,6,"22",0,1,74,1,0,0,0,0,0,0,28,NA,27,0,74,81,0,3,24,NA,4,50,1,22,-3.57142857142857
"371",131,1,71,0,1,6,"22",0,1,74,1,0,0,0,0,NA,NA,22,0,NA,NA,NA,NA,NA,NA,NA,NA,NA,NA,NA,NA,NA
"372",132,1,75,0,1,6,"22",0,1,74,1,0,0,0,0,NA,NA,26,0,NA,NA,NA,NA,NA,NA,NA,NA,NA,NA,NA,NA,NA
"373",133,1,72,0,1,6,"22",0,1,74,1,0,0,0,0,0,0,26,NA,25,0,112,111,0,3,24,NA,4,50,1,22,-3.84615384615385
"374",134,1,77,0,1,6,"22",0,1,74,1,0,0,0,0,0,0,22,NA,25,0,79,84,0,3,24,NA,4,50,1,22,13.6363636363636
"375",135,1,70,0,1,6,"22",0,1,74,1,0,0,0,0,NA,NA,25,0,NA,NA,NA,NA,NA,NA,NA,NA,NA,NA,NA,NA,NA
"376",136,1,82,0,1,6,"22",0,1,74,1,0,0,0,0,NA,NA,28,0,NA,NA,NA,NA,NA,NA,NA,NA,NA,NA,NA,NA,NA
"377",137,1,81,1,1,6,"22",0,1,74,1,0,0,0,0,NA,NA,21,0,NA,NA,NA,NA,NA,NA,NA,NA,NA,NA,NA,NA,NA
"378",138,1,78,1,1,6,"22",0,1,74,1,0,0,0,1,NA,NA,23,0,NA,NA,NA,NA,NA,NA,NA,NA,NA,NA,NA,NA,NA
"379",139,1,74,1,1,6,"22",0,1,74,1,0,0,0,0,0,0,31,NA,31,0,118,114,0,3,24,NA,4,50,1,22,0
"380",140,1,68,1,1,6,"22",0,1,74,1,0,0,0,2,0,0,26,NA,26,0,98,105,0,3,24,NA,4,50,1,22,0
"381",141,1,81,0,1,6,"22",0,1,74,1,0,0,0,0,NA,NA,20,0,NA,NA,NA,NA,NA,NA,NA,NA,NA,NA,NA,NA,NA
"382",142,1,81,0,1,6,"22",0,1,74,1,0,0,0,2,NA,3,25,NA,27,0,56,70,0,3,24,NA,4,50,1,22,8
"383",143,1,77,0,1,6,"22",0,1,74,1,0,0,0,0,0,0,29,NA,31,0,127,119,0,3,24,NA,4,50,1,22,6.89655172413793
"384",144,1,77,1,1,6,"22",0,1,74,1,0,0,0,0,NA,NA,28,0,NA,NA,NA,NA,NA,NA,NA,NA,NA,NA,NA,NA,NA
"385",145,1,78,1,1,6,"22",0,1,74,1,0,0,0,0,0,0,31,NA,33,0,100,96,0,3,24,NA,4,50,1,22,6.45161290322581
"386",148,1,75,1,1,6,"22",0,1,74,1,0,0,0,0,NA,NA,28,0,NA,NA,NA,NA,NA,NA,NA,NA,NA,NA,NA,NA,NA
"387",10928,0,69,1,0,12,"23",0,1,54,3,0,0,0,0,0,0,23,NA,25,0,97,104,0,NA,NA,NA,NA,71,2,31,8.69565217391304
"388",22851,0,60,1,0,12,"23",0,1,54,3,0,0,0,0,0,0,24,NA,25,0,101,116,0,NA,NA,NA,NA,71,2,31,4.16666666666667
"389",34653,0,59,1,0,12,"23",0,1,54,3,0,0,0,0,0,0,18,NA,22,0,75,99,0,NA,NA,NA,NA,71,2,31,22.2222222222222
"390",35420,0,63,1,0,12,"23",0,1,54,3,0,0,0,1,NA,NA,21,0,NA,NA,NA,NA,NA,NA,NA,NA,NA,NA,NA,NA,NA
"391",45741,0,66,0,0,12,"23",0,1,54,3,0,0,0,0,NA,NA,30,0,NA,NA,NA,NA,NA,NA,NA,NA,NA,NA,NA,NA,NA
"392",48757,0,64,0,0,12,"23",0,1,54,3,0,0,0,1,NA,NA,14,1,NA,NA,NA,NA,NA,NA,NA,NA,NA,NA,NA,NA,NA
"393",53903,0,63,0,0,12,"23",0,1,54,3,0,0,0,0,0,0,24,NA,25,0,79,96,0,NA,NA,NA,NA,71,2,31,4.16666666666667
"394",82054,0,69,0,0,12,"23",0,1,54,3,0,0,0,0,NA,NA,20,0,NA,NA,NA,NA,NA,NA,NA,NA,NA,NA,NA,NA,NA
"395",86128,0,69,0,0,12,"23",0,1,54,3,0,0,0,0,0,0,22,NA,22,0,73,88,0,NA,NA,NA,NA,71,2,31,0
"396",87609,0,58,0,0,12,"23",0,1,54,3,0,0,0,0,0,0,23,NA,21,0,87,108,0,NA,NA,NA,NA,71,2,31,-8.69565217391304
"397",91103,0,67,1,0,12,"23",0,1,54,3,0,0,0,0,0,1,22,NA,24,0,65,83,0,NA,NA,NA,NA,71,2,31,9.09090909090909
"398",93187,0,58,1,0,12,"23",0,1,54,3,0,0,0,0,0,0,21,NA,23,0,84,106,0,NA,NA,NA,NA,71,2,31,9.52380952380952
"399",93765,0,65,1,0,12,"23",0,1,54,3,0,0,0,0,0,0,22,NA,23,0,86,101,0,NA,NA,NA,NA,71,2,31,4.54545454545455
"400",95862,0,67,1,0,12,"23",0,1,54,3,0,0,0,0,0,0,27,NA,25,0,102,110,0,NA,NA,NA,NA,71,2,31,-7.40740740740741
"401",96996,0,60,1,0,12,"23",0,1,54,3,0,0,0,0,0,0,24,NA,27,0,85,104,0,NA,NA,NA,NA,71,2,31,12.5
"402",97251,0,60,0,0,12,"23",0,1,54,3,0,0,0,0,0,0,24,NA,26,0,77,99,0,NA,NA,NA,NA,71,2,31,8.33333333333333
"403",149,0,71,0,1,17,"24",0,1,46,1,0,0,0,0,0,0,29,NA,28,0,96,102,0,NA,NA,NA,NA,15,3,14,-3.44827586206897
"404",150,0,68,0,1,17,"24",0,1,46,1,0,0,0,0,NA,2,22,NA,27,0,57,78,0,NA,NA,NA,NA,15,3,14,22.7272727272727
"405",151,0,74,0,1,17,"24",0,1,46,1,0,0,0,0,NA,2,27,NA,32,0,109,108,0,NA,NA,NA,NA,15,3,14,18.5185185185185
"406",152,0,80,0,1,17,"24",0,1,46,1,0,0,0,0,NA,3,24,NA,24,0,105,98,0,NA,NA,NA,NA,15,3,14,0
"407",153,0,77,1,1,17,"24",0,1,46,1,0,0,0,0,NA,3,28,NA,28,0,91,90,0,NA,NA,NA,NA,15,3,14,0
"408",154,0,76,1,1,17,"24",0,1,46,1,0,0,0,NA,NA,2,24,NA,28,0,95,94,0,NA,NA,NA,NA,15,3,14,16.6666666666667
"409",155,0,81,1,1,17,"24",0,1,46,1,0,0,0,0,0,0,25,NA,22,0,NA,NA,1,NA,NA,NA,NA,15,3,14,-12
"410",156,0,73,0,1,17,"24",0,1,46,1,0,0,0,0,0,3,28,NA,24,0,95,96,0,NA,NA,NA,NA,15,3,14,-14.2857142857143
"411",157,0,71,1,1,17,"24",0,1,46,1,0,0,0,0,0,0,23,NA,23,0,77,87,0,NA,NA,NA,NA,15,3,14,0
"412",158,0,71,1,1,17,"24",0,1,46,1,0,0,0,0,0,0,28,NA,32,0,126,123,0,NA,NA,NA,NA,15,3,14,14.2857142857143
"413",159,0,76,0,1,17,"24",0,1,46,1,0,0,0,2,0,0,24,NA,28,0,121,114,0,NA,NA,NA,NA,15,3,14,16.6666666666667
"414",160,0,70,1,1,17,"24",0,1,46,1,0,0,0,0,0,0,34,NA,32,0,NA,NA,1,NA,NA,NA,NA,15,3,14,-5.88235294117647
"415",161,0,71,1,1,17,"24",0,1,46,1,0,0,0,0,3,3,24,NA,20,0,NA,27,1,NA,NA,NA,NA,15,3,14,-16.6666666666667
"416",162,0,80,0,1,17,"24",0,1,46,1,0,0,1,0,0,0,31,NA,27,1,114,104,1,NA,NA,NA,NA,NA,NA,NA,-12.9032258064516
"417",163,0,70,0,1,17,"24",0,1,46,1,0,0,0,0,0,0,27,NA,26,0,86,94,0,NA,NA,NA,NA,15,3,14,-3.7037037037037
"418",164,0,74,0,1,17,"24",0,1,46,1,0,0,0,0,0,0,28,NA,26,0,99,100,0,NA,NA,NA,NA,15,3,14,-7.14285714285714
"419",12128,1,68,0,0,36,"25",0,1,99,3,0,0,0,0,NA,NA,21,0,NA,NA,NA,NA,NA,NA,NA,NA,NA,NA,NA,NA,NA
"420",12672,1,64,1,0,36,"25",0,1,99,3,0,0,0,2,1,NA,18,NA,25,0,81,97,0,30,121,23,4,50,1,5,38.8888888888889
"421",22637,1,67,1,0,36,"25",0,1,99,3,0,0,0,1,0,1,18,NA,26,0,82,93,0,30,121,23,4,50,1,5,44.4444444444444
"422",39074,1,65,1,0,36,"25",0,1,99,3,0,0,0,0,0,0,24,NA,21,0,116,120,0,30,121,23,4,50,1,5,-12.5
"423",41867,1,59,1,0,36,"25",0,1,99,3,0,0,0,2,2,2,24,NA,25,0,68,91,0,30,121,23,4,50,1,5,4.16666666666667
"424",42139,1,67,0,0,36,"25",0,1,99,3,0,0,0,1,0,0,21,NA,26,0,76,91,0,30,121,23,4,50,1,5,23.8095238095238
"425",42665,1,62,0,0,36,"25",0,1,99,3,0,0,0,0,0,0,24,NA,15,0,54,80,0,30,121,23,4,50,1,5,-37.5
"426",47520,1,63,1,0,36,"25",0,1,99,3,0,0,0,0,0,0,26,NA,26,0,82,98,0,30,121,23,4,50,1,5,0
"427",51648,1,61,0,0,36,"25",0,1,99,3,0,0,0,1,0,0,20,NA,21,0,52,79,0,30,121,23,4,50,1,5,5
"428",56637,1,64,1,0,36,"25",0,1,99,3,0,0,0,NA,NA,NA,15,1,NA,NA,NA,NA,NA,NA,NA,NA,NA,NA,NA,NA,NA
"429",67801,1,69,0,0,36,"25",0,1,99,3,0,0,0,0,0,0,29,NA,27,0,104,107,0,30,121,23,4,50,1,5,-6.89655172413793
"430",71240,1,65,0,0,36,"25",0,1,99,3,0,1,0,0,NA,NA,29,0,NA,NA,NA,NA,NA,NA,NA,NA,NA,NA,NA,NA,NA
"431",75365,1,63,0,0,36,"25",0,1,99,3,0,0,0,0,0,NA,19,NA,17,0,73,93,0,30,121,23,4,50,1,5,-10.5263157894737
"432",84306,1,53,1,0,36,"25",0,1,99,3,0,0,0,0,NA,NA,20,0,NA,NA,NA,NA,NA,NA,NA,NA,NA,NA,NA,NA,NA
"433",87198,1,63,1,0,36,"25",0,1,99,3,0,0,0,0,0,0,20,NA,22,0,72,90,0,30,121,23,4,50,1,5,10
"434",87697,1,66,0,0,36,"25",0,1,99,3,0,0,0,0,NA,NA,22,0,NA,NA,NA,NA,NA,NA,NA,NA,NA,NA,NA,NA,NA
"435",90584,1,69,0,0,36,"25",0,1,99,3,0,0,0,2,1,0,23,NA,28,0,99,104,0,30,121,23,4,50,1,5,21.7391304347826
"436",10136,0,63,0,0,47,"26",1,0,0,3,0,0,0,0,1,1,24,NA,28,0,105,116,0,NA,NA,NA,NA,50,2,25,16.6666666666667
"437",15518,0,68,0,0,47,"26",1,0,0,3,0,0,0,0,0,0,25,NA,30,0,117,118,0,NA,NA,NA,NA,50,2,25,20
"438",17863,0,59,0,0,47,"26",1,0,0,3,0,0,0,0,0,0,23,NA,19,0,57,85,0,NA,NA,NA,NA,50,2,25,-17.3913043478261
"439",22046,0,68,1,0,47,"26",1,0,0,3,0,0,0,0,0,0,27,NA,22,0,84,96,0,NA,NA,NA,NA,50,2,25,-18.5185185185185
"440",25292,0,66,1,0,47,"26",1,0,0,3,0,0,0,0,NA,NA,29,0,NA,NA,NA,NA,NA,NA,NA,NA,NA,NA,NA,NA,NA
"441",32741,0,63,0,0,47,"26",1,0,0,3,0,0,0,0,NA,NA,17,0,NA,NA,NA,NA,NA,NA,NA,NA,NA,NA,NA,NA,NA
"442",35039,0,61,0,0,47,"26",1,0,0,3,0,0,0,0,0,0,19,NA,22,0,96,112,0,NA,NA,NA,NA,50,2,25,15.7894736842105
"443",35486,0,61,1,0,47,"26",1,0,0,3,0,0,0,0,NA,NA,24,0,NA,NA,NA,NA,NA,NA,NA,NA,NA,NA,NA,NA,NA
"444",36019,0,64,1,0,47,"26",1,0,0,3,0,0,0,0,NA,NA,27,0,NA,NA,NA,NA,NA,NA,NA,NA,NA,NA,NA,NA,NA
"445",37012,0,61,0,0,47,"26",1,0,0,3,0,0,0,0,0,0,29,NA,25,0,NA,NA,1,NA,NA,NA,NA,50,2,25,-13.7931034482759
"446",37837,0,66,1,0,47,"26",1,0,0,3,0,0,0,0,0,0,22,NA,19,0,82,96,0,NA,NA,NA,NA,50,2,25,-13.6363636363636
"447",37953,0,68,1,0,47,"26",1,0,0,3,0,0,0,0,0,0,21,NA,22,0,68,85,0,NA,NA,NA,NA,50,2,25,4.76190476190476
"448",46935,0,68,0,0,47,"26",1,0,0,3,0,0,0,0,1,2,29,NA,30,0,109,113,0,NA,NA,NA,NA,50,2,25,3.44827586206897
"449",68302,0,68,1,0,47,"26",1,0,0,3,0,0,0,1,1,1,25,NA,19,0,66,83,0,NA,NA,NA,NA,50,2,25,-24
"450",70334,0,68,0,0,47,"26",1,0,0,3,0,0,0,0,NA,NA,25,0,NA,NA,NA,NA,NA,NA,NA,NA,NA,NA,NA,NA,NA
"451",81043,0,61,1,0,47,"26",1,0,0,3,0,0,0,0,1,0,19,NA,22,0,79,100,0,NA,NA,NA,NA,50,2,25,15.7894736842105
"452",83008,0,59,1,0,47,"26",1,0,0,3,0,0,0,0,0,0,26,NA,24,0,62,88,0,NA,NA,NA,NA,50,2,25,-7.69230769230769
"453",94545,0,68,1,0,47,"26",1,0,0,3,0,0,0,1,NA,NA,19,0,NA,NA,NA,NA,NA,NA,NA,NA,NA,NA,NA,NA,NA
"454",12414,0,69,1,0,8,"27",0,1,56,2,0,0,0,0,0,0,16,NA,20,0,83,94,0,NA,NA,NA,NA,0,1.5,23,25
"455",17402,0,67,0,0,8,"27",0,1,56,2,0,0,0,0,0,0,16,NA,22,0,65,85,0,NA,NA,NA,NA,0,1.5,23,37.5
"456",20441,0,59,0,0,8,"27",0,1,56,2,1,0,0,0,0,0,18,NA,19,0,80,101,0,NA,NA,NA,NA,0,1.5,23,5.55555555555556
"457",25745,0,68,1,0,8,"27",0,1,56,2,1,0,0,0,NA,NA,16,1,NA,NA,NA,NA,NA,NA,NA,NA,NA,NA,NA,NA,NA
"458",29365,0,59,0,0,8,"27",0,1,56,2,0,0,0,0,NA,0,19,NA,24,0,81,101,0,NA,NA,NA,NA,0,1.5,23,26.3157894736842
"459",29442,0,64,1,0,8,"27",0,1,56,2,0,0,0,0,0,0,20,NA,24,0,65,86,0,NA,NA,NA,NA,0,1.5,23,20
"460",30249,0,65,0,0,8,"27",0,1,56,2,0,0,0,0,NA,0,27,NA,25,0,102,112,0,NA,NA,NA,NA,0,1.5,23,-7.40740740740741
"461",34563,0,57,1,0,8,"27",0,1,56,2,0,0,0,1,0,0,25,NA,24,0,77,101,0,NA,NA,NA,NA,0,1.5,23,-4
"462",35841,0,57,1,0,8,"27",0,1,56,2,0,0,0,0,0,0,22,NA,28,0,57,85,0,NA,NA,NA,NA,0,1.5,23,27.2727272727273
"463",38347,0,68,1,0,8,"27",0,1,56,2,0,0,0,0,0,0,13,NA,10,0,33,60,0,NA,NA,NA,NA,0,1.5,23,-23.0769230769231
"464",39340,0,59,1,0,8,"27",0,1,56,2,1,0,0,0,0,0,13,NA,21,0,50,78,0,NA,NA,NA,NA,0,1.5,23,61.5384615384615
"465",40487,0,58,1,0,8,"27",0,1,56,2,0,0,0,0,0,0,21,NA,18,0,82,104,0,NA,NA,NA,NA,0,1.5,23,-14.2857142857143
"466",45905,0,69,0,0,8,"27",0,1,56,2,0,0,0,0,NA,NA,20,0,NA,NA,NA,NA,NA,NA,NA,NA,NA,NA,NA,NA,NA
"467",54539,0,66,0,0,8,"27",0,1,56,2,0,0,0,0,NA,NA,24,0,NA,NA,NA,NA,NA,NA,NA,NA,NA,NA,NA,NA,NA
"468",58656,0,64,0,0,8,"27",0,1,56,2,0,0,0,0,NA,NA,16,0,NA,NA,NA,NA,NA,NA,NA,NA,NA,NA,NA,NA,NA
"469",62341,0,59,1,0,8,"27",0,1,56,2,1,0,0,0,NA,NA,19,0,NA,NA,NA,NA,NA,NA,NA,NA,NA,NA,NA,NA,NA
"470",68231,0,63,0,0,8,"27",0,1,56,2,0,0,0,0,0,0,20,NA,21,0,70,90,0,NA,NA,NA,NA,0,1.5,23,5
"471",68280,0,57,1,0,8,"27",0,1,56,2,0,0,0,0,NA,0,19,NA,16,0,62,88,0,NA,NA,NA,NA,0,1.5,23,-15.7894736842105
"472",92249,0,68,0,0,8,"27",0,1,56,2,1,0,0,0,NA,NA,13,1,NA,NA,NA,NA,NA,NA,NA,NA,NA,NA,NA,NA,NA
"473",96270,0,62,0,0,8,"27",0,1,56,2,0,0,0,0,0,0,20,NA,21,0,72,92,0,NA,NA,NA,NA,0,1.5,23,5
"474",10279,1,71,0,1,9,"28",0,1,77,1,0,0,0,0,0,NA,21,NA,22,0,93,98,0,0,17,19,4,100,2,19,4.76190476190476
"475",32333,1,71,0,1,9,"28",0,1,77,1,0,0,0,0,0,0,26,NA,29,0,86,92,0,0,17,19,4,100,2,19,11.5384615384615
"476",32345,1,75,1,1,9,"28",0,1,77,1,0,0,0,0,0,0,22,NA,28,0,110,106,0,0,17,19,4,100,2,19,27.2727272727273
"477",32616,1,77,0,1,9,"28",0,1,77,1,0,0,0,0,NA,NA,27,0,NA,NA,NA,NA,NA,NA,NA,NA,NA,NA,NA,NA,NA
"478",37096,1,78,1,1,9,"28",0,1,77,1,0,0,0,0,0,0,22,NA,22,0,77,83,0,0,17,19,4,100,2,19,0
"479",39977,1,75,1,1,9,"28",0,1,77,1,0,0,0,0,0,0,25,NA,28,0,107,103,0,0,17,19,4,100,2,19,12
"480",41008,1,79,0,1,9,"28",0,1,77,1,0,0,0,0,0,0,27,NA,28,0,99,93,0,0,17,19,4,100,2,19,3.7037037037037
"481",47667,1,75,0,1,9,"28",0,1,77,1,0,0,0,0,0,0,27,NA,27,0,99,100,0,0,17,19,4,100,2,19,0
"482",53656,1,71,1,1,9,"28",0,1,77,1,0,0,0,0,1,NA,25,NA,27,0,110,111,0,0,17,19,4,100,2,19,8
"483",59466,1,77,1,1,9,"28",0,1,77,1,0,0,0,0,NA,NA,22,0,NA,NA,NA,NA,NA,NA,NA,NA,NA,NA,NA,NA,NA
"484",61302,1,79,1,1,9,"28",0,1,77,1,0,0,0,0,0,0,28,NA,33,0,113,103,0,0,17,19,4,100,2,19,17.8571428571429
"485",61330,1,79,0,1,9,"28",0,1,77,1,0,0,0,0,NA,NA,24,0,NA,NA,NA,NA,NA,NA,NA,NA,NA,NA,NA,NA,NA
"486",65422,1,83,1,1,9,"28",0,1,77,1,0,0,0,0,NA,NA,27,0,NA,NA,NA,NA,NA,NA,NA,NA,NA,NA,NA,NA,NA
"487",78580,1,73,1,1,9,"28",0,1,77,1,0,0,0,0,0,0,30,NA,29,0,101,101,0,0,17,19,4,100,2,19,-3.33333333333333
"488",81964,1,71,1,1,9,"28",0,1,77,1,0,0,0,0,NA,NA,26,0,NA,NA,NA,NA,NA,NA,NA,NA,NA,NA,NA,NA,NA
"489",86528,1,71,1,1,9,"28",0,1,77,1,0,0,0,0,0,0,23,NA,28,0,100,105,0,0,17,19,4,100,2,19,21.7391304347826
"490",99533,1,77,0,1,9,"28",0,1,77,1,0,0,0,0,NA,NA,25,0,NA,NA,NA,NA,NA,NA,NA,NA,NA,NA,NA,NA,NA
"491",99799,1,75,1,1,9,"28",0,1,77,1,0,0,0,0,0,0,28,NA,34,0,112,108,0,0,17,19,4,100,2,19,21.4285714285714
"492",23802,1,76,1,1,14,"29",0,1,83,2,0,0,0,0,0,0,20,NA,19,0,83,86,0,2,19,6,2,50,3,28,-5
"493",23932,1,71,0,1,14,"29",0,1,83,2,0,0,0,0,0,1,22,NA,25,0,96,102,0,2,19,6,2,50,3,28,13.6363636363636
"494",23997,1,74,0,1,14,"29",0,1,83,2,0,0,0,2,NA,NA,20,1,NA,NA,NA,NA,NA,NA,NA,NA,NA,NA,NA,NA,NA
"495",24636,1,75,0,1,14,"29",0,1,83,2,0,0,0,0,0,0,23,NA,23,0,85,89,0,2,19,6,2,50,3,28,0
"496",27606,1,72,0,1,14,"29",0,1,83,2,0,0,0,1,0,0,22,NA,25,0,92,97,0,2,19,6,2,50,3,28,13.6363636363636
"497",31901,1,80,1,1,14,"29",0,1,83,2,0,0,0,0,0,0,29,NA,32,0,134,120,0,2,19,6,2,50,3,28,10.3448275862069
"498",31921,1,71,1,1,14,"29",0,1,83,2,0,0,0,0,0,0,27,NA,26,0,101,105,0,2,19,6,2,50,3,28,-3.7037037037037
"499",34250,1,73,0,1,14,"29",0,1,83,2,0,0,0,0,0,1,19,NA,21,0,68,82,0,2,19,6,2,50,3,28,10.5263157894737
"500",36947,1,70,1,1,14,"29",0,1,83,2,0,0,0,0,0,0,21,NA,20,0,72,85,0,2,19,6,2,50,3,28,-4.76190476190476
"501",48146,1,78,1,1,14,"29",0,1,83,2,0,0,0,0,0,0,19,NA,23,0,89,88,0,2,19,6,2,50,3,28,21.0526315789474
"502",48936,1,76,0,1,14,"29",0,1,83,2,0,0,0,0,NA,NA,29,0,NA,NA,NA,NA,NA,NA,NA,NA,NA,NA,NA,NA,NA
"503",64277,1,79,0,1,14,"29",0,1,83,2,0,0,0,0,0,0,25,NA,19,0,74,81,0,2,19,6,2,50,3,28,-24
"504",72705,1,79,1,1,14,"29",0,1,83,2,0,0,0,0,0,1,23,NA,30,0,109,103,0,2,19,6,2,50,3,28,30.4347826086957
"505",77324,1,78,0,1,14,"29",0,1,83,2,0,0,0,1,0,0,19,NA,21,0,86,87,0,2,19,6,2,50,3,28,10.5263157894737
"506",80535,1,78,1,1,14,"29",0,1,83,2,0,0,0,0,0,0,29,NA,31,0,126,117,0,2,19,6,2,50,3,28,6.89655172413793
"507",99469,1,80,1,1,14,"29",0,1,83,2,0,0,0,0,0,0,30,NA,30,0,122,111,0,2,19,6,2,50,3,28,0
"508",70001,0,66,0,0,7,"30",0,1,85,2,1,0,0,1,0,0,18,NA,24,0,83,97,0,NA,NA,NA,NA,96,2,6,33.3333333333333
"509",70002,0,60,0,0,7,"30",0,1,85,2,1,0,0,2,0,1,19,NA,14,0,33,65,0,NA,NA,NA,NA,96,2,6,-26.3157894736842
"510",70003,0,67,0,0,7,"30",0,1,85,2,0,0,0,0,0,0,26,NA,28,0,107,113,0,NA,NA,NA,NA,96,2,6,7.69230769230769
"511",70004,0,68,1,0,7,"30",0,1,85,2,1,0,0,2,0,0,21,NA,16,0,50,73,0,NA,NA,NA,NA,96,2,6,-23.8095238095238
"512",70005,0,67,0,0,7,"30",0,1,85,2,1,0,0,3,0,0,14,NA,9,0,34,63,0,NA,NA,NA,NA,96,2,6,-35.7142857142857
"513",70008,0,52,0,0,7,"30",0,1,85,2,0,0,0,0,0,0,19,NA,23,0,93,120,0,NA,NA,NA,NA,96,2,6,21.0526315789474
"514",13202,0,58,0,0,33,"30",0,1,85,2,0,0,0,2,0,0,13,NA,16,0,53,83,0,NA,NA,NA,NA,62,2.5,25,23.0769230769231
"515",14778,0,61,1,0,33,"30",0,1,85,2,1,0,0,2,2,1,7,NA,7,0,33,65,0,NA,NA,NA,NA,62,2.5,25,0
"516",27632,0,63,1,0,33,"30",0,1,85,2,0,0,0,1,0,0,24,NA,29,0,97,110,0,NA,NA,NA,NA,62,2.5,25,20.8333333333333
"517",30056,0,53,1,0,33,"30",0,1,85,2,0,1,0,2,2,1,21,NA,19,0,53,88,0,NA,NA,NA,NA,62,2.5,25,-9.52380952380952
"518",48920,0,65,1,0,33,"30",0,1,85,2,0,0,0,1,0,0,30,NA,29,0,81,94,0,NA,NA,NA,NA,62,2.5,25,-3.33333333333333
"519",60847,0,51,0,0,33,"30",0,1,85,2,0,1,1,3,NA,NA,19,1,NA,NA,NA,NA,NA,NA,NA,NA,NA,NA,NA,NA,NA
"520",62750,0,61,1,0,33,"30",0,1,85,2,0,0,0,1,0,0,21,NA,18,0,65,89,0,NA,NA,NA,NA,62,2.5,25,-14.2857142857143
"521",73837,0,63,0,0,33,"30",0,1,85,2,1,0,0,1,NA,NA,11,0,NA,NA,NA,NA,NA,NA,NA,NA,NA,NA,NA,NA,NA
"522",77361,0,42,0,0,33,"30",0,1,85,2,0,1,1,3,NA,NA,15,1,NA,NA,NA,NA,NA,NA,NA,NA,NA,NA,NA,NA,NA
"523",77821,0,55,1,0,33,"30",0,1,85,2,0,1,0,1,0,0,20,NA,15,0,46,79,0,NA,NA,NA,NA,62,2.5,25,-25
"524",87181,0,67,1,0,33,"30",0,1,85,2,0,0,0,1,0,1,25,NA,24,0,61,80,0,NA,NA,NA,NA,62,2.5,25,-4
"525",89954,0,65,1,0,33,"30",0,1,85,2,1,0,0,1,2,2,18,NA,19,0,56,80,0,NA,NA,NA,NA,62,2.5,25,5.55555555555556
"526",98428,0,45,1,0,33,"30",0,1,85,2,1,1,0,3,NA,NA,7,1,NA,NA,NA,NA,NA,NA,NA,NA,NA,NA,NA,NA,NA
"527",14249,0,73,1,1,34,"31",0,1,84,3,0,0,0,0,NA,NA,27,0,NA,NA,NA,NA,NA,NA,NA,NA,NA,NA,NA,NA,NA
"528",14345,0,73,1,1,34,"31",0,1,84,3,0,0,0,0,0,0,28,NA,23,0,118,116,0,NA,NA,NA,NA,NA,NA,NA,-17.8571428571429
"529",29785,0,80,1,1,34,"31",0,1,84,3,0,0,0,0,0,0,27,NA,26,0,97,90,0,NA,NA,NA,NA,NA,NA,NA,-3.7037037037037
"530",33049,0,70,1,1,34,"31",0,1,84,3,0,0,0,0,0,0,19,NA,24,0,78,88,0,NA,NA,NA,NA,NA,NA,NA,26.3157894736842
"531",41360,0,73,0,1,34,"31",0,1,84,3,0,0,0,1,1,1,31,NA,28,0,117,114,0,NA,NA,NA,NA,NA,NA,NA,-9.67741935483871
"532",43112,0,76,0,1,34,"31",0,1,84,3,1,0,0,0,0,0,21,NA,28,0,89,89,0,NA,NA,NA,NA,NA,NA,NA,33.3333333333333
"533",45677,0,73,1,1,34,"31",0,1,84,3,0,1,0,1,NA,NA,16,0,NA,NA,NA,NA,NA,NA,NA,NA,NA,NA,NA,NA,NA
"534",47792,0,72,0,1,34,"31",0,1,84,3,0,0,0,0,0,0,27,NA,27,0,108,108,0,NA,NA,NA,NA,NA,NA,NA,0
"535",48069,0,73,0,1,34,"31",0,1,84,3,1,0,0,0,0,0,22,NA,29,0,67,79,0,NA,NA,NA,NA,NA,NA,NA,31.8181818181818
"536",49911,0,72,1,1,34,"31",0,1,84,3,0,0,0,0,0,0,30,NA,28,0,115,113,0,NA,NA,NA,NA,NA,NA,NA,-6.66666666666667
"537",69236,0,76,0,1,34,"31",0,1,84,3,1,0,0,0,NA,NA,18,0,NA,NA,NA,NA,NA,NA,NA,NA,NA,NA,NA,NA,NA
"538",72495,0,72,0,1,34,"31",0,1,84,3,0,0,0,0,NA,NA,22,0,NA,NA,NA,NA,NA,NA,NA,NA,NA,NA,NA,NA,NA
"539",74027,0,71,1,1,34,"31",0,1,84,3,0,0,0,0,0,1,28,NA,24,0,98,103,0,NA,NA,NA,NA,NA,NA,NA,-14.2857142857143
"540",84459,0,77,1,1,34,"31",0,1,84,3,0,0,0,0,0,0,25,NA,21,0,85,86,0,NA,NA,NA,NA,NA,NA,NA,-16
"541",85188,0,78,0,1,34,"31",0,1,84,3,0,0,0,0,0,0,27,NA,26,0,98,94,0,NA,NA,NA,NA,NA,NA,NA,-3.7037037037037
"542",96178,0,73,1,1,34,"31",0,1,84,3,0,0,0,0,NA,NA,27,0,NA,NA,NA,NA,NA,NA,NA,NA,NA,NA,NA,NA,NA
"543",98177,0,77,1,1,34,"31",0,1,84,3,0,0,0,0,0,0,27,NA,29,0,113,108,0,NA,NA,NA,NA,NA,NA,NA,7.40740740740741
"544",11463,1,73,1,1,19,"32",0,1,40,3,0,0,0,0,0,NA,26,NA,26,0,94,98,0,1,14,26,5,36,1,21,0
"545",22902,1,80,1,1,19,"32",0,1,40,3,0,0,0,0,0,0,33,NA,34,0,140,124,0,1,14,26,5,36,1,21,3.03030303030303
"546",26971,1,78,0,1,19,"32",0,1,40,3,0,0,0,0,0,0,30,NA,32,0,122,113,0,1,14,26,5,36,1,21,6.66666666666667
"547",27479,1,78,1,1,19,"32",0,1,40,3,0,0,0,0,0,0,28,NA,29,0,110,103,0,1,14,26,5,36,1,21,3.57142857142857
"548",37712,1,75,1,1,19,"32",0,1,40,3,0,0,0,0,0,0,30,NA,29,0,124,117,0,1,14,26,5,36,1,21,-3.33333333333333
"549",38380,1,73,0,1,19,"32",0,1,40,3,0,0,0,0,0,0,28,NA,25,0,96,98,0,1,14,26,5,36,1,21,-10.7142857142857
"550",43046,1,74,0,1,19,"32",0,1,40,3,0,0,0,1,NA,NA,24,0,NA,NA,NA,NA,NA,NA,NA,NA,NA,NA,NA,NA,NA
"551",45886,1,72,0,1,19,"32",0,1,40,3,0,0,0,0,0,0,29,NA,33,0,117,114,0,1,14,26,5,36,1,21,13.7931034482759
"552",51581,1,81,0,1,19,"32",0,1,40,3,0,0,0,0,0,0,33,NA,32,0,145,123,0,1,14,26,5,36,1,21,-3.03030303030303
"553",53739,1,79,1,1,19,"32",0,1,40,3,0,0,0,0,NA,NA,28,0,NA,NA,NA,NA,NA,NA,NA,NA,NA,NA,NA,NA,NA
"554",55023,1,73,0,1,19,"32",0,1,40,3,0,0,1,0,NA,NA,25,1,NA,NA,NA,NA,NA,NA,NA,NA,NA,NA,NA,NA,NA
"555",67501,1,70,1,1,19,"32",0,1,40,3,0,0,0,0,NA,NA,30,0,NA,NA,NA,NA,NA,NA,NA,NA,NA,NA,NA,NA,NA
"556",69552,1,78,1,1,19,"32",0,1,40,3,0,0,0,0,0,0,31,NA,30,0,108,102,0,1,14,26,5,36,1,21,-3.2258064516129
"557",83526,1,71,0,1,19,"32",0,1,40,3,0,0,0,1,0,0,22,NA,29,0,85,91,0,1,14,26,5,36,1,21,31.8181818181818
"558",89305,1,80,0,1,19,"32",0,1,40,3,0,0,0,0,0,0,23,NA,21,0,87,87,0,1,14,26,5,36,1,21,-8.69565217391304
"559",91095,1,71,0,1,19,"32",0,1,40,3,0,0,0,0,0,0,29,NA,33,0,112,111,0,1,14,26,5,36,1,21,13.7931034482759
"560",93544,1,78,1,1,19,"32",0,1,40,3,0,0,0,0,NA,NA,31,0,NA,NA,NA,NA,NA,NA,NA,NA,NA,NA,NA,NA,NA
"561",14963,0,80,0,1,60,"33",0,1,74,3,0,0,0,0,NA,NA,25,0,NA,NA,NA,NA,NA,NA,NA,NA,NA,NA,NA,NA,NA
"562",21213,0,76,0,1,60,"33",0,1,74,3,0,0,0,1,0,0,31,NA,29,0,114,109,0,NA,NA,NA,NA,23,0,9,-6.45161290322581
"563",24494,0,81,1,1,60,"33",0,1,74,3,0,0,0,0,0,0,32,NA,32,0,112,103,0,NA,NA,NA,NA,23,0,9,0
"564",29144,0,72,1,1,60,"33",0,1,74,3,0,0,0,0,0,0,25,NA,24,0,91,96,0,NA,NA,NA,NA,23,0,9,-4
"565",32102,0,76,0,1,60,"33",0,1,74,3,0,1,0,0,NA,NA,26,0,NA,NA,NA,NA,NA,NA,NA,NA,NA,NA,NA,NA,NA
"566",34259,0,74,1,1,60,"33",0,1,74,3,0,0,0,0,0,0,27,NA,31,0,120,116,0,NA,NA,NA,NA,23,0,9,14.8148148148148
"567",42269,0,81,0,1,60,"33",0,1,74,3,0,0,0,0,0,0,28,NA,30,0,119,109,0,NA,NA,NA,NA,23,0,9,7.14285714285714
"568",63905,0,81,0,1,60,"33",0,1,74,3,0,0,0,1,0,1,25,NA,27,0,70,77,0,NA,NA,NA,NA,23,0,9,8
"569",65839,0,74,1,1,60,"33",0,1,74,3,0,0,0,0,NA,NA,27,0,NA,NA,NA,NA,NA,NA,NA,NA,NA,NA,NA,NA,NA
"570",67474,0,76,1,1,60,"33",0,1,74,3,0,0,0,0,NA,NA,29,0,NA,NA,NA,NA,NA,NA,NA,NA,NA,NA,NA,NA,NA
"571",67508,0,75,1,1,60,"33",0,1,74,3,0,0,0,1,0,0,26,NA,31,0,110,108,0,NA,NA,NA,NA,23,0,9,19.2307692307692
"572",67958,0,71,1,1,60,"33",0,1,74,3,0,0,0,1,0,0,20,NA,26,0,80,90,0,NA,NA,NA,NA,23,0,9,30
"573",74632,0,77,0,1,60,"33",0,1,74,3,0,0,0,1,1,2,21,NA,24,0,71,80,0,NA,NA,NA,NA,23,0,9,14.2857142857143
"574",74841,0,78,1,1,60,"33",0,1,74,3,0,0,0,0,NA,NA,32,0,NA,NA,NA,NA,NA,NA,NA,NA,NA,NA,NA,NA,NA
"575",75342,0,72,0,1,60,"33",0,1,74,3,0,0,0,0,0,0,26,NA,28,0,127,123,0,NA,NA,NA,NA,23,0,9,7.69230769230769
"576",78086,0,72,0,1,60,"33",0,1,74,3,0,0,0,1,0,0,26,NA,30,0,110,109,0,NA,NA,NA,NA,23,0,9,15.3846153846154
"577",82161,0,77,1,1,60,"33",0,1,74,3,0,0,0,1,0,1,25,NA,23,0,92,91,0,NA,NA,NA,NA,23,0,9,-8
"578",88826,0,78,0,1,60,"33",0,1,74,3,0,1,0,1,NA,NA,20,0,NA,NA,NA,NA,NA,NA,NA,NA,NA,NA,NA,NA,NA
"579",10815,1,73,0,1,44,"34",0,0,22,2,0,0,0,0,0,0,34,NA,35,0,118,116,0,0,9,22,5,21,2,12,2.94117647058824
"580",13650,1,78,1,1,44,"34",0,0,22,2,0,0,0,0,0,0,35,NA,34,0,129,119,0,0,9,22,5,21,2,12,-2.85714285714286
"581",16873,1,79,0,1,44,"34",0,0,22,2,0,0,0,0,1,1,34,NA,34,0,118,108,0,0,9,22,5,21,2,12,0
"582",20516,1,77,0,1,44,"34",0,0,22,2,0,0,0,0,NA,NA,16,1,NA,NA,NA,NA,NA,NA,NA,NA,NA,NA,NA,NA,NA
"583",20709,1,75,0,1,44,"34",0,0,22,2,0,0,0,0,0,0,33,NA,34,0,130,123,0,0,9,22,5,21,2,12,3.03030303030303
"584",29528,1,76,0,1,44,"34",0,0,22,2,0,0,0,0,1,1,33,NA,29,0,109,106,0,0,9,22,5,21,2,12,-12.1212121212121
"585",37730,1,77,0,1,44,"34",0,0,22,2,0,0,0,0,0,0,32,NA,29,0,84,86,0,0,9,22,5,21,2,12,-9.375
"586",44750,1,78,1,1,44,"34",0,0,22,2,0,0,0,0,0,0,31,NA,32,0,128,118,0,0,9,22,5,21,2,12,3.2258064516129
"587",57743,1,78,1,1,44,"34",0,0,22,2,0,0,0,0,0,0,30,NA,28,0,116,109,0,0,9,22,5,21,2,12,-6.66666666666667
"588",62748,1,75,1,1,44,"34",0,0,22,2,0,0,0,0,0,0,23,NA,24,0,80,86,0,0,9,22,5,21,2,12,4.34782608695652
"589",64019,1,76,1,1,44,"34",0,0,22,2,0,0,0,0,NA,NA,28,0,NA,NA,NA,NA,NA,NA,NA,NA,NA,NA,NA,NA,NA
"590",65569,1,80,1,1,44,"34",0,0,22,2,0,0,0,0,NA,NA,33,0,NA,NA,NA,NA,NA,NA,NA,NA,NA,NA,NA,NA,NA
"591",66530,1,75,1,1,44,"34",0,0,22,2,0,0,0,0,0,0,33,NA,30,0,133,124,0,0,9,22,5,21,2,12,-9.09090909090909
"592",71628,1,71,1,1,44,"34",0,0,22,2,0,0,0,0,0,0,32,NA,32,0,113,113,0,0,9,22,5,21,2,12,0
"593",76800,1,70,0,1,44,"34",0,0,22,2,0,0,0,0,NA,NA,28,0,NA,NA,NA,NA,NA,NA,NA,NA,NA,NA,NA,NA,NA
"594",95150,1,79,0,1,44,"34",0,0,22,2,0,0,0,0,0,0,30,NA,31,0,109,103,0,0,9,22,5,21,2,12,3.33333333333333
"595",99806,1,78,0,1,44,"34",0,0,22,2,0,0,0,0,0,0,36,NA,38,0,136,124,0,0,9,22,5,21,2,12,5.55555555555556
"596",33514,0,46,1,0,38,"35",0,0,0,2,0,0,0,0,NA,NA,23,0,NA,NA,NA,NA,NA,NA,NA,NA,NA,NA,NA,NA,NA
"597",47703,0,69,1,0,38,"35",0,0,0,2,0,0,0,0,NA,NA,25,0,NA,NA,NA,NA,NA,NA,NA,NA,NA,NA,NA,NA,NA
"598",49541,0,58,1,0,38,"35",0,0,0,2,0,0,0,0,0,0,27,NA,18,0,75,99,0,NA,NA,NA,NA,15,1,7,-33.3333333333333
"599",68225,0,57,0,0,38,"35",0,0,0,2,0,0,0,0,NA,NA,11,0,NA,NA,NA,NA,NA,NA,NA,NA,NA,NA,NA,NA,NA
"600",90092,0,64,0,0,38,"35",0,0,0,2,0,0,0,0,NA,NA,28,0,NA,NA,NA,NA,NA,NA,NA,NA,NA,NA,NA,NA,NA
"601",93973,0,53,0,0,38,"35",0,0,0,2,0,0,0,0,0,0,14,NA,11,1,51,86,1,NA,NA,NA,NA,NA,NA,NA,-21.4285714285714
"602",18075,0,48,0,0,51,"35",0,0,0,2,0,1,0,1,NA,NA,13,1,NA,NA,NA,NA,NA,NA,NA,NA,NA,NA,NA,NA,NA
"603",22713,0,68,1,0,51,"35",0,0,0,2,0,0,0,0,0,0,28,NA,32,0,117,118,0,NA,NA,NA,NA,12,1.5,17,14.2857142857143
"604",25007,0,68,1,0,51,"35",0,0,0,2,0,0,0,0,0,0,23,NA,22,0,77,90,0,NA,NA,NA,NA,12,1.5,17,-4.34782608695652
"605",30948,0,52,0,0,51,"35",0,0,0,2,0,0,0,0,0,0,13,NA,24,0,84,113,0,NA,NA,NA,NA,12,1.5,17,84.6153846153846
"606",49829,0,62,0,0,51,"35",0,0,0,2,0,0,0,0,0,0,23,NA,29,0,98,111,0,NA,NA,NA,NA,12,1.5,17,26.0869565217391
"607",58829,0,65,0,0,51,"35",0,0,0,2,0,1,0,3,NA,NA,0,1,NA,NA,NA,NA,NA,NA,NA,NA,NA,NA,NA,NA,NA
"608",62690,0,54,1,0,51,"35",0,0,0,2,0,0,0,0,0,0,17,NA,17,0,68,98,0,NA,NA,NA,NA,12,1.5,17,0
"609",71855,0,68,0,0,51,"35",0,0,0,2,0,1,0,0,0,1,19,NA,19,0,84,96,0,NA,NA,NA,NA,12,1.5,17,0
"610",80857,0,52,0,0,51,"35",0,0,0,2,0,0,0,0,NA,NA,24,0,NA,NA,NA,NA,NA,NA,NA,NA,NA,NA,NA,NA,NA
"611",89246,0,68,1,0,51,"35",0,0,0,2,0,0,0,NA,0,0,19,NA,19,0,80,92,0,NA,NA,NA,NA,12,1.5,17,0
"612",93681,0,44,0,0,51,"35",0,0,0,2,0,0,0,0,NA,NA,23,0,NA,NA,NA,NA,NA,NA,NA,NA,NA,NA,NA,NA,NA
"613",96429,0,55,0,0,51,"35",0,0,0,2,0,0,0,0,NA,0,15,NA,NA,0,51,86,0,NA,NA,NA,NA,NA,NA,NA,NA
"614",34930,0,61,1,0,56,"35",0,0,0,2,0,0,0,0,0,0,22,NA,24,0,107,120,0,NA,NA,NA,NA,25,3,17,9.09090909090909
"615",39031,0,46,1,0,56,"35",0,0,0,2,0,0,0,0,0,0,14,NA,11,0,49,94,0,NA,NA,NA,NA,25,3,17,-21.4285714285714
"616",43421,0,67,1,0,56,"35",0,0,0,2,0,0,0,1,0,0,25,NA,27,0,127,129,0,NA,NA,NA,NA,25,3,17,8
"617",69324,0,55,0,0,56,"35",0,0,0,2,0,0,0,0,0,1,27,NA,30,0,107,127,0,NA,NA,NA,NA,25,3,17,11.1111111111111
"618",81154,0,66,0,0,56,"35",0,0,0,2,0,1,0,3,NA,NA,14,1,NA,NA,NA,NA,NA,NA,NA,NA,NA,NA,NA,NA,NA
"619",82431,0,59,0,0,56,"35",0,0,0,2,0,1,0,0,NA,0,11,NA,NA,0,35,69,0,NA,NA,NA,NA,NA,NA,NA,NA
"620",13993,0,70,1,1,10,"36",0,1,46,1,0,0,0,0,NA,NA,26,NA,29,0,107,109,0,NA,NA,NA,NA,NA,2,10,11.5384615384615
"621",16313,0,79,0,1,10,"36",0,1,46,1,0,0,0,3,0,0,26,NA,29,0,111,102,0,NA,NA,NA,NA,NA,2,10,11.5384615384615
"622",21155,0,79,0,1,10,"36",0,1,46,1,0,0,0,0,0,0,25,NA,27,0,104,96,0,NA,NA,NA,NA,NA,2,10,8
"623",42721,0,74,1,1,10,"36",0,1,46,1,0,0,0,NA,0,0,26,NA,32,0,96,98,0,NA,NA,NA,NA,NA,2,10,23.0769230769231
"624",43223,0,80,0,1,10,"36",0,1,46,1,0,0,0,1,NA,NA,25,0,NA,NA,NA,NA,NA,NA,NA,NA,NA,NA,NA,NA,NA
"625",44573,0,78,1,1,10,"36",0,1,46,1,0,0,0,0,0,2,26,NA,27,0,111,104,0,NA,NA,NA,NA,NA,2,10,3.84615384615385
"626",46093,0,80,0,1,10,"36",0,1,46,1,0,0,0,3,NA,NA,27,0,NA,NA,NA,NA,NA,NA,NA,NA,NA,NA,NA,NA,NA
"627",57026,0,73,1,1,10,"36",0,1,46,1,0,1,0,0,NA,NA,24,0,NA,NA,NA,NA,NA,NA,NA,NA,NA,NA,NA,NA,NA
"628",57098,0,81,1,1,10,"36",0,1,46,1,0,0,0,0,0,0,29,NA,30,0,134,118,0,NA,NA,NA,NA,NA,2,10,3.44827586206897
"629",60314,0,72,0,1,10,"36",0,1,46,1,0,0,0,1,0,0,29,NA,29,0,108,108,0,NA,NA,NA,NA,NA,2,10,0
"630",61770,0,73,0,1,10,"36",0,1,46,1,0,0,0,1,0,0,23,NA,29,0,92,97,0,NA,NA,NA,NA,NA,2,10,26.0869565217391
"631",68528,0,73,0,1,10,"36",0,1,46,1,0,1,0,0,NA,0,25,NA,25,0,107,107,0,NA,NA,NA,NA,NA,2,10,0
"632",75584,0,76,0,1,10,"36",0,1,46,1,0,0,0,0,0,NA,28,NA,27,0,108,104,0,NA,NA,NA,NA,NA,2,10,-3.57142857142857
"633",77475,0,76,1,1,10,"36",0,1,46,1,0,0,0,0,0,0,29,NA,27,0,113,108,0,NA,NA,NA,NA,NA,2,10,-6.89655172413793
"634",80517,0,79,1,1,10,"36",0,1,46,1,0,0,0,0,0,0,26,NA,26,0,95,91,0,NA,NA,NA,NA,NA,2,10,0
"635",91736,0,74,0,1,10,"36",0,1,46,1,0,0,0,2,0,0,24,NA,26,0,113,110,0,NA,NA,NA,NA,NA,2,10,8.33333333333333
"636",93892,0,77,1,1,10,"36",0,1,46,1,0,0,0,1,0,0,27,NA,25,0,89,89,0,NA,NA,NA,NA,NA,2,10,-7.40740740740741
"637",96440,0,81,0,1,10,"36",0,1,46,1,0,0,0,0,0,0,29,NA,36,0,127,114,0,NA,NA,NA,NA,NA,2,10,24.1379310344828
"638",27333,1,45,1,0,4,"37",0,1,92,2,0,0,0,0,0,0,30,NA,24,0,67,108,0,0,3,22,3,88,2.5,13,-20
"639",28252,1,63,1,0,4,"37",0,1,92,2,0,0,0,0,2,2,19,NA,20,0,39,70,0,0,3,22,3,88,2.5,13,5.26315789473684
"640",53955,1,61,1,0,4,"37",0,1,92,2,0,0,0,0,0,0,28,NA,28,0,96,112,0,0,3,22,3,88,2.5,13,0
"641",55329,1,59,0,0,4,"37",0,1,92,2,0,1,0,1,2,2,19,NA,20,0,57,83,0,0,3,22,3,88,2.5,13,5.26315789473684
"642",57742,1,58,0,0,4,"37",0,1,92,2,0,0,0,2,0,2,28,NA,25,0,69,94,0,0,3,22,3,88,2.5,13,-10.7142857142857
"643",58769,1,61,1,0,4,"37",0,1,92,2,0,0,0,0,1,1,29,NA,29,0,100,116,0,0,3,22,3,88,2.5,13,0
"644",65573,1,57,1,0,4,"37",0,1,92,2,0,0,0,0,NA,NA,13,1,NA,NA,NA,NA,NA,NA,NA,NA,NA,NA,NA,NA,NA
"645",66978,1,59,1,0,4,"37",0,1,92,2,0,0,0,0,1,1,12,NA,15,0,50,78,0,0,3,22,3,88,2.5,13,25
"646",81679,1,63,0,0,4,"37",0,1,92,2,0,0,0,0,0,1,22,NA,33,0,94,106,0,0,3,22,3,88,2.5,13,50
"647",90829,1,60,1,0,4,"37",0,1,92,2,0,0,0,0,NA,NA,13,1,NA,NA,NA,NA,NA,NA,NA,NA,NA,NA,NA,NA,NA
"648",93831,1,65,0,0,4,"37",0,1,92,2,0,0,0,0,0,0,34,NA,30,0,125,130,0,0,3,22,3,88,2.5,13,-11.7647058823529
"649",94084,1,64,0,0,4,"37",0,1,92,2,0,0,0,0,0,0,23,NA,19,0,71,89,0,0,3,22,3,88,2.5,13,-17.3913043478261
"650",99130,1,63,1,0,4,"37",0,1,92,2,1,1,0,0,2,1,13,NA,14,0,30,61,0,0,3,22,3,88,2.5,13,7.69230769230769
"651",99927,1,63,1,0,4,"37",0,1,92,2,0,0,0,0,1,0,24,NA,27,0,90,104,0,0,3,22,3,88,2.5,13,12.5
"652",30598,1,80,0,1,39,"37",0,1,92,2,0,0,0,0,0,1,26,NA,18,0,92,88,0,0,2,26,2,20,3,19,-30.7692307692308
"653",46943,1,73,0,1,39,"37",0,1,92,2,0,0,0,0,NA,NA,27,0,NA,NA,NA,NA,NA,NA,NA,NA,NA,NA,NA,NA,NA
"654",57733,1,76,0,1,39,"37",0,1,92,2,0,0,0,0,0,0,27,NA,26,0,103,101,0,0,2,26,2,20,3,19,-3.7037037037037
"655",58579,1,72,0,1,39,"37",0,1,92,2,0,0,0,0,NA,NA,26,0,NA,NA,NA,NA,NA,NA,NA,NA,NA,NA,NA,NA,NA
"656",16056,1,80,0,1,25,"38",0,1,75,3,0,0,0,0,0,0,27,NA,30,0,119,109,0,0,3,24,5,53,2,20,11.1111111111111
"657",17230,1,80,1,1,25,"38",0,1,75,3,0,0,0,0,0,NA,22,NA,30,0,NA,NA,0,0,3,24,5,53,2,20,36.3636363636364
"658",19813,1,74,0,1,25,"38",0,1,75,3,0,0,0,0,0,0,32,NA,31,0,100,101,0,0,3,24,5,53,2,20,-3.125
"659",22225,1,75,0,1,25,"38",0,1,75,3,0,0,0,0,0,0,31,NA,31,0,108,104,0,0,3,24,5,53,2,20,0
"660",27136,1,70,1,1,25,"38",0,1,75,3,0,0,0,1,0,1,30,NA,32,0,119,119,0,0,3,24,5,53,2,20,6.66666666666667
"661",31312,1,77,1,1,25,"38",0,1,75,3,0,0,0,0,0,NA,29,NA,32,0,96,93,0,0,3,24,5,53,2,20,10.3448275862069
"662",34570,1,79,0,1,25,"38",0,1,75,3,0,0,0,0,NA,NA,32,0,NA,NA,NA,NA,NA,NA,NA,NA,NA,NA,NA,NA,NA
"663",34920,1,74,0,1,25,"38",0,1,75,3,0,0,0,0,0,0,34,NA,34,0,119,116,0,0,3,24,5,53,2,20,0
"664",56483,1,78,0,1,25,"38",0,1,75,3,0,0,0,0,0,0,31,NA,31,0,99,95,0,0,3,24,5,53,2,20,0
"665",63962,1,74,0,1,25,"38",0,1,75,3,0,0,0,0,NA,NA,31,0,NA,NA,NA,NA,NA,NA,NA,NA,NA,NA,NA,NA,NA
"666",80281,1,71,1,1,25,"38",0,1,75,3,0,0,0,0,0,0,28,NA,26,0,75,85,0,0,3,24,5,53,2,20,-7.14285714285714
"667",84411,1,72,1,1,25,"38",0,1,75,3,0,0,0,0,0,0,29,NA,31,0,93,98,0,0,3,24,5,53,2,20,6.89655172413793
"668",94165,1,81,0,1,25,"38",0,1,75,3,0,0,0,0,0,0,27,NA,32,0,105,95,0,0,3,24,5,53,2,20,18.5185185185185
"669",96071,1,71,1,1,25,"38",0,1,75,3,0,0,0,0,0,1,28,NA,33,0,117,114,0,0,3,24,5,53,2,20,17.8571428571429
"670",11037,1,60,1,0,24,"39",1,0,0,3,0,0,0,0,NA,NA,17,0,NA,NA,NA,NA,NA,NA,NA,NA,NA,NA,NA,NA,NA
"671",11504,1,66,0,0,24,"39",1,0,0,3,0,0,0,0,NA,NA,22,0,NA,NA,NA,NA,NA,NA,NA,NA,NA,NA,NA,NA,NA
"672",18342,1,67,1,0,24,"39",1,0,0,3,0,0,0,0,0,0,27,NA,27,0,130,130,0,0,1,NA,NA,NA,NA,NA,0
"673",21698,1,63,0,0,24,"39",1,0,0,3,0,0,0,0,0,0,24,NA,26,0,91,106,0,0,1,NA,NA,NA,NA,NA,8.33333333333333
"674",26573,1,60,1,0,24,"39",1,0,0,3,0,0,0,0,0,0,20,NA,21,0,81,101,0,0,1,NA,NA,NA,NA,NA,5
"675",33115,1,65,0,0,24,"39",1,0,0,3,0,0,0,0,0,0,20,NA,28,0,91,104,0,0,1,NA,NA,NA,NA,NA,40
"676",52403,1,60,0,0,24,"39",1,0,0,3,0,0,0,0,0,0,16,NA,15,0,NA,NA,1,0,1,NA,NA,NA,NA,NA,-6.25
"677",53710,1,68,1,0,24,"39",1,0,0,3,0,0,0,0,0,0,33,NA,31,0,123,124,0,0,1,NA,NA,NA,NA,NA,-6.06060606060606
"678",54572,1,67,1,0,24,"39",1,0,0,3,0,0,0,0,1,1,27,NA,26,0,101,109,0,0,1,NA,NA,NA,NA,NA,-3.7037037037037
"679",57336,1,67,1,0,24,"39",1,0,0,3,0,0,0,0,0,0,28,NA,25,0,91,102,0,0,1,NA,NA,NA,NA,NA,-10.7142857142857
"680",59607,1,58,1,0,24,"39",1,0,0,3,0,0,0,0,0,0,23,NA,28,0,85,106,0,0,1,NA,NA,NA,NA,NA,21.7391304347826
"681",60623,1,70,0,0,24,"39",1,0,0,3,0,0,0,0,NA,NA,24,0,NA,NA,NA,NA,NA,NA,NA,NA,NA,NA,NA,NA,NA
"682",65222,1,60,0,0,24,"39",1,0,0,3,0,0,0,1,NA,NA,27,0,NA,NA,NA,NA,NA,NA,NA,NA,NA,NA,NA,NA,NA
"683",72956,1,59,1,0,24,"39",1,0,0,3,0,0,0,0,0,0,25,NA,28,0,117,130,0,0,1,NA,NA,NA,NA,NA,12
"684",76926,1,66,0,0,24,"39",1,0,0,3,0,0,0,0,NA,NA,20,0,NA,NA,NA,NA,NA,NA,NA,NA,NA,NA,NA,NA,NA
"685",80130,1,63,0,0,24,"39",1,0,0,3,0,0,0,2,2,1,22,NA,30,0,103,113,0,0,1,NA,NA,NA,NA,NA,36.3636363636364
"686",83158,1,60,0,0,24,"39",1,0,0,3,0,0,0,0,1,1,21,NA,23,0,94,110,0,0,1,NA,NA,NA,NA,NA,9.52380952380952
"687",93600,1,67,1,0,24,"39",1,0,0,3,0,0,0,0,0,0,21,NA,23,0,84,96,0,0,1,NA,NA,NA,NA,NA,9.52380952380952
"688",17724,0,56,0,0,26,"40",1,0,0,3,0,0,0,NA,0,0,24,NA,31,0,82,107,0,NA,NA,NA,NA,0,2,20,29.1666666666667
"689",31143,0,49,1,0,26,"40",1,0,0,3,0,0,0,0,0,0,18,NA,16,0,54,92,0,NA,NA,NA,NA,0,2,20,-11.1111111111111
"690",36792,0,48,1,0,26,"40",1,0,0,3,0,0,0,0,NA,NA,17,0,NA,NA,NA,NA,NA,NA,NA,NA,NA,NA,NA,NA,NA
"691",37556,0,49,0,0,26,"40",1,0,0,3,0,0,0,0,0,0,24,NA,22,0,88,118,0,NA,NA,NA,NA,0,2,20,-8.33333333333333
"692",45387,0,52,1,0,26,"40",1,0,0,3,0,0,0,0,0,0,20,NA,23,0,72,103,0,NA,NA,NA,NA,0,2,20,15
"693",53860,0,52,0,0,26,"40",1,0,0,3,0,0,0,0,0,0,23,NA,26,0,94,120,0,NA,NA,NA,NA,0,2,20,13.0434782608696
"694",55269,0,57,1,0,26,"40",1,0,0,3,0,0,0,0,0,0,20,NA,20,0,75,101,0,NA,NA,NA,NA,0,2,20,0
"695",68970,0,50,0,0,26,"40",1,0,0,3,0,0,0,0,NA,NA,21,0,NA,NA,NA,NA,NA,NA,NA,NA,NA,NA,NA,NA,NA
"696",72484,0,55,0,0,26,"40",1,0,0,3,0,0,0,0,0,0,15,NA,26,0,60,92,0,NA,NA,NA,NA,0,2,20,73.3333333333333
"697",72739,0,46,1,0,26,"40",1,0,0,3,0,0,0,0,0,0,12,NA,18,0,62,103,0,NA,NA,NA,NA,0,2,20,50
"698",86045,0,48,1,0,26,"40",1,0,0,3,0,0,0,0,0,0,15,NA,18,0,62,100,0,NA,NA,NA,NA,0,2,20,20
"699",94947,0,46,1,0,26,"40",1,0,0,3,0,0,0,1,0,1,14,NA,14,0,64,106,0,NA,NA,NA,NA,0,2,20,0
"700",98617,0,52,1,0,26,"40",1,0,0,3,0,0,0,0,0,0,27,NA,23,0,78,106,0,NA,NA,NA,NA,0,2,20,-14.8148148148148
"701",98754,0,53,1,0,26,"40",1,0,0,3,0,0,0,1,0,0,23,NA,22,0,95,118,0,NA,NA,NA,NA,0,2,20,-4.34782608695652
"702",215,1,66,1,0,40,"41",1,0,0,3,0,0,1,0,NA,NA,22,1,NA,NA,NA,NA,NA,NA,NA,NA,NA,NA,NA,NA,NA
"703",13953,1,65,1,0,40,"41",1,0,0,3,0,0,0,0,0,0,22,NA,25,0,101,111,0,0,1,NA,NA,0,0,20,13.6363636363636
"704",21558,1,62,1,0,40,"41",1,0,0,3,0,0,0,0,0,NA,22,NA,25,0,108,118,0,0,1,NA,NA,0,0,20,13.6363636363636
"705",28101,1,64,0,0,40,"41",1,0,0,3,0,0,0,0,0,0,26,NA,20,0,89,103,0,0,1,NA,NA,0,0,20,-23.0769230769231
"706",29099,1,62,0,0,40,"41",1,0,0,3,0,0,0,0,0,0,23,NA,21,0,62,85,0,0,1,NA,NA,0,0,20,-8.69565217391304
"707",30391,1,65,1,0,40,"41",1,0,0,3,0,0,0,0,0,0,20,NA,21,0,55,80,0,0,1,NA,NA,0,0,20,5
"708",36139,1,64,1,0,40,"41",1,0,0,3,0,0,0,0,NA,NA,19,0,NA,NA,NA,NA,NA,NA,NA,NA,NA,NA,NA,NA,NA
"709",44703,1,58,1,0,40,"41",1,0,0,3,0,0,0,0,0,0,15,NA,15,0,65,91,0,0,1,NA,NA,0,0,20,0
"710",46186,1,60,1,0,40,"41",1,0,0,3,0,0,0,0,0,0,16,NA,18,0,52,80,0,0,1,NA,NA,0,0,20,12.5
"711",61117,1,65,0,0,40,"41",1,0,0,3,0,0,0,0,0,0,23,NA,23,0,76,91,0,0,1,NA,NA,0,0,20,0
"712",66920,1,69,0,0,40,"41",1,0,0,3,0,0,0,0,0,1,27,NA,29,0,116,117,0,0,1,NA,NA,0,0,20,7.40740740740741
"713",76915,1,64,1,0,40,"41",1,0,0,3,0,0,0,0,0,0,23,NA,22,0,86,101,0,0,1,NA,NA,0,0,20,-4.34782608695652
"714",78098,1,63,1,0,40,"41",1,0,0,3,0,0,0,0,0,0,28,NA,22,0,77,94,0,0,1,NA,NA,0,0,20,-21.4285714285714
"715",89192,1,59,1,0,40,"41",1,0,0,3,0,0,0,0,0,0,24,NA,25,0,94,112,0,0,1,NA,NA,0,0,20,4.16666666666667
"716",11305,0,76,1,1,1,"42",1,0,0,1,0,0,0,0,NA,NA,20,0,NA,NA,NA,NA,NA,NA,NA,NA,NA,NA,NA,NA,NA
"717",17843,0,74,1,1,1,"42",1,0,0,1,0,0,0,NA,0,0,29,NA,30,0,116,113,0,NA,NA,NA,NA,0,2,8,3.44827586206897
"718",23658,0,79,1,1,1,"42",1,0,0,1,0,0,0,0,0,0,31,NA,30,0,128,118,0,NA,NA,NA,NA,0,2,8,-3.2258064516129
"719",37802,0,79,0,1,1,"42",1,0,0,1,0,0,0,0,0,2,33,NA,32,0,115,108,0,NA,NA,NA,NA,0,2,8,-3.03030303030303
"720",41537,0,77,0,1,1,"42",1,0,0,1,0,0,0,0,0,0,27,NA,30,0,135,126,0,NA,NA,NA,NA,0,2,8,11.1111111111111
"721",44955,0,73,0,1,1,"42",1,0,0,1,0,0,0,1,1,1,30,NA,32,0,120,117,0,NA,NA,NA,NA,0,2,8,6.66666666666667
"722",53420,0,74,0,1,1,"42",1,0,0,1,0,0,0,0,0,0,28,NA,27,0,101,101,0,NA,NA,NA,NA,0,2,8,-3.57142857142857
"723",54399,0,79,0,1,1,"42",1,0,0,1,0,0,0,2,0,2,27,NA,28,0,131,120,0,NA,NA,NA,NA,0,2,8,3.7037037037037
"724",64222,0,75,1,1,1,"42",1,0,0,1,0,0,0,0,NA,NA,28,0,NA,NA,NA,NA,NA,NA,NA,NA,NA,NA,NA,NA,NA
"725",65204,0,72,1,1,1,"42",1,0,0,1,0,0,0,3,NA,NA,17,0,NA,NA,NA,NA,NA,NA,NA,NA,NA,NA,NA,NA,NA
"726",65236,0,75,1,1,1,"42",1,0,0,1,0,0,0,1,1,1,21,NA,20,0,92,94,0,NA,NA,NA,NA,0,2,8,-4.76190476190476
"727",75959,0,80,1,1,1,"42",1,0,0,1,0,0,0,NA,0,0,27,NA,31,0,128,116,0,NA,NA,NA,NA,0,2,8,14.8148148148148
"728",81084,0,74,1,1,1,"42",1,0,0,1,0,0,0,0,0,0,25,NA,24,0,91,93,0,NA,NA,NA,NA,0,2,8,-4
"729",85158,0,72,1,1,1,"42",1,0,0,1,0,0,0,1,1,1,24,NA,28,0,105,106,0,NA,NA,NA,NA,0,2,8,16.6666666666667
"730",89650,0,78,1,1,1,"42",1,0,0,1,0,0,0,NA,1,2,31,NA,32,0,124,114,0,NA,NA,NA,NA,0,2,8,3.2258064516129
"731",96148,0,85,0,1,1,"42",1,0,0,1,0,0,0,NA,0,0,25,NA,28,0,110,96,0,NA,NA,NA,NA,0,2,8,12
"732",602,1,69,1,0,42,"43",0,1,100,1,0,0,1,0,0,0,25,NA,29,1,112,115,1,NA,NA,NA,NA,NA,NA,NA,16
"733",10141,1,65,1,0,42,"43",0,1,100,1,0,0,0,0,0,0,26,NA,29,0,109,117,0,0,1,17,4,0,1,26,11.5384615384615
"734",10964,1,68,1,0,42,"43",0,1,100,1,0,0,0,0,0,2,23,NA,26,0,101,107,0,0,1,17,4,0,1,26,13.0434782608696
"735",16095,1,62,0,0,42,"43",0,1,100,1,0,0,0,0,0,1,19,NA,24,0,71,91,0,0,1,17,4,0,1,26,26.3157894736842
"736",23327,1,61,0,0,42,"43",0,1,100,1,0,0,0,0,1,2,25,NA,24,0,76,98,0,0,1,17,4,0,1,26,-4
"737",34221,1,66,0,0,42,"43",0,1,100,1,0,0,0,0,0,0,28,NA,24,0,81,94,0,0,1,17,4,0,1,26,-14.2857142857143
"738",38376,1,66,0,0,42,"43",0,1,100,1,0,0,0,0,0,3,26,NA,25,0,92,103,0,0,1,17,4,0,1,26,-3.84615384615385
"739",40205,1,58,0,0,42,"43",0,1,100,1,0,0,0,0,0,0,21,NA,16,0,58,86,0,0,1,17,4,0,1,26,-23.8095238095238
"740",41851,1,63,1,0,42,"43",0,1,100,1,0,1,0,0,0,0,20,NA,23,0,59,83,0,0,1,17,4,0,1,26,15
"741",42894,1,69,0,0,42,"43",0,1,100,1,0,0,0,0,0,0,22,NA,21,0,88,98,0,0,1,17,4,0,1,26,-4.54545454545455
"742",52067,1,60,1,0,42,"43",0,1,100,1,0,0,0,0,0,0,23,NA,31,0,106,120,0,0,1,17,4,0,1,26,34.7826086956522
"743",52216,1,62,0,0,42,"43",0,1,100,1,0,1,0,0,NA,0,22,NA,23,0,79,98,0,0,1,17,4,0,1,26,4.54545454545455
"744",69369,1,67,1,0,42,"43",0,1,100,1,0,1,0,1,0,1,21,NA,19,0,73,89,0,0,1,17,4,0,1,26,-9.52380952380952
"745",75258,1,65,1,0,42,"43",0,1,100,1,0,1,0,1,NA,NA,17,0,NA,NA,NA,NA,NA,NA,NA,NA,NA,NA,NA,NA,NA
"746",77405,1,69,1,0,42,"43",0,1,100,1,0,0,0,0,NA,NA,18,0,NA,NA,NA,NA,NA,NA,NA,NA,NA,NA,NA,NA,NA
"747",81400,1,61,0,0,42,"43",0,1,100,1,0,0,0,0,0,0,26,NA,25,0,102,114,0,0,1,17,4,0,1,26,-3.84615384615385
"748",96681,1,68,0,0,42,"43",0,1,100,1,0,0,0,0,0,0,22,NA,26,0,109,113,0,0,1,17,4,0,1,26,18.1818181818182
"749",98363,1,60,1,0,42,"43",0,1,100,1,0,1,0,0,0,0,20,NA,16,0,62,87,0,0,1,17,4,0,1,26,-20
"750",600,1,80,0,1,27,"44",0,1,100,1,0,0,1,0,NA,NA,34,1,NA,NA,NA,NA,NA,NA,NA,NA,NA,NA,NA,NA,NA
"751",601,1,76,0,1,27,"44",0,1,100,1,0,0,1,1,NA,NA,32,1,NA,NA,NA,NA,NA,NA,NA,NA,NA,NA,NA,NA,NA
"752",17895,1,77,0,1,27,"44",0,1,100,1,0,1,0,1,NA,0,27,NA,34,0,124,114,0,0,9,24,5,58,2,27,25.9259259259259
"753",18456,1,76,1,1,27,"44",0,1,100,1,0,0,0,0,NA,NA,29,0,NA,NA,NA,NA,NA,NA,NA,NA,NA,NA,NA,NA,NA
"754",30418,1,78,0,1,27,"44",0,1,100,1,0,0,0,1,0,2,29,NA,26,0,113,106,0,0,9,24,5,58,2,27,-10.3448275862069
"755",35709,1,74,0,1,27,"44",0,1,100,1,0,0,0,1,0,0,30,NA,31,0,109,108,0,0,9,24,5,58,2,27,3.33333333333333
"756",36662,1,72,1,1,27,"44",0,1,100,1,0,0,0,1,NA,0,29,NA,27,0,120,117,0,0,9,24,5,58,2,27,-6.89655172413793
"757",39929,1,73,0,1,27,"44",0,1,100,1,0,0,0,2,2,3,28,NA,31,0,119,117,0,0,9,24,5,58,2,27,10.7142857142857
"758",44966,1,77,1,1,27,"44",0,1,100,1,0,0,0,0,NA,0,33,NA,36,0,126,119,0,0,9,24,5,58,2,27,9.09090909090909
"759",50692,1,79,1,1,27,"44",0,1,100,1,0,0,0,2,NA,0,28,NA,27,0,94,90,0,0,9,24,5,58,2,27,-3.57142857142857
"760",52439,1,75,0,1,27,"44",0,1,100,1,0,0,0,0,0,0,29,NA,32,0,104,103,0,0,9,24,5,58,2,27,10.3448275862069
"761",72000,1,80,0,1,27,"44",0,1,100,1,0,0,0,2,NA,NA,23,0,NA,NA,NA,NA,NA,NA,NA,NA,NA,NA,NA,NA,NA
"762",75335,1,78,1,1,27,"44",0,1,100,1,0,0,0,0,NA,0,31,NA,33,0,111,104,0,0,9,24,5,58,2,27,6.45161290322581
"763",76875,1,76,1,1,27,"44",0,1,100,1,0,0,0,0,0,0,25,NA,29,0,105,102,0,0,9,24,5,58,2,27,16
"764",78929,1,67,0,1,27,"44",0,1,100,1,0,0,0,0,NA,NA,26,0,NA,NA,NA,NA,NA,NA,NA,NA,NA,NA,NA,NA,NA
"765",84213,1,80,0,1,27,"44",0,1,100,1,0,0,0,1,NA,NA,22,0,NA,NA,NA,NA,NA,NA,NA,NA,NA,NA,NA,NA,NA
"766",91535,1,74,0,1,27,"44",0,1,100,1,0,0,0,0,NA,0,25,NA,25,0,104,103,0,0,9,24,5,58,2,27,0
"767",91538,1,77,1,1,27,"44",0,1,100,1,0,0,0,1,0,1,31,NA,27,0,106,103,0,0,9,24,5,58,2,27,-12.9032258064516
"768",95949,1,75,0,1,27,"44",0,1,100,1,0,0,0,0,0,0,37,NA,31,0,127,121,0,0,9,24,5,58,2,27,-16.2162162162162
"769",500,0,81,0,1,20,"45",1,0,0,3,0,0,0,0,NA,NA,25,0,NA,NA,NA,NA,NA,NA,NA,NA,NA,NA,NA,NA,NA
"770",501,0,82,1,1,20,"45",1,0,0,3,0,0,0,0,NA,NA,33,0,NA,NA,NA,NA,NA,NA,NA,NA,NA,NA,NA,NA,NA
"771",502,0,80,1,1,20,"45",1,0,0,3,0,0,0,1,NA,NA,32,0,NA,NA,NA,NA,NA,NA,NA,NA,NA,NA,NA,NA,NA
"772",503,0,80,0,1,20,"45",1,0,0,3,0,0,0,1,1,2,31,NA,31,0,130,117,0,NA,NA,NA,NA,0,2,24,0
"773",504,0,81,0,1,20,"45",1,0,0,3,0,0,0,0,NA,NA,31,1,NA,NA,NA,NA,NA,NA,NA,NA,NA,NA,NA,NA,NA
"774",17960,0,74,0,1,20,"45",1,0,0,3,0,0,0,0,0,0,26,NA,27,0,108,107,0,NA,NA,NA,NA,0,2,24,3.84615384615385
"775",21062,0,87,0,1,20,"45",1,0,0,3,0,0,0,0,0,0,27,NA,30,0,116,99,0,NA,NA,NA,NA,0,2,24,11.1111111111111
"776",24681,0,76,0,1,20,"45",1,0,0,3,0,0,0,0,0,0,31,NA,32,0,149,137,0,NA,NA,NA,NA,0,2,24,3.2258064516129
"777",24702,0,74,0,1,20,"45",1,0,0,3,0,0,0,0,1,1,23,NA,29,0,106,106,0,NA,NA,NA,NA,0,2,24,26.0869565217391
"778",39425,0,74,1,1,20,"45",1,0,0,3,0,0,0,0,0,0,27,NA,30,0,133,127,0,NA,NA,NA,NA,0,2,24,11.1111111111111
"779",51981,0,74,1,1,20,"45",1,0,0,3,0,1,0,0,0,0,25,NA,28,0,96,98,0,NA,NA,NA,NA,0,2,24,12
"780",60884,0,74,0,1,20,"45",1,0,0,3,0,0,0,0,0,1,29,NA,27,0,98,99,0,NA,NA,NA,NA,0,2,24,-6.89655172413793
"781",67991,0,76,0,1,20,"45",1,0,0,3,0,1,0,0,0,0,16,NA,13,0,91,90,0,NA,NA,NA,NA,0,2,24,-18.75
"782",74936,0,76,1,1,20,"45",1,0,0,3,0,0,0,0,0,0,33,NA,33,0,125,118,0,NA,NA,NA,NA,0,2,24,0
"783",82719,0,83,0,1,20,"45",1,0,0,3,0,0,0,0,NA,NA,36,0,NA,NA,NA,NA,NA,NA,NA,NA,NA,NA,NA,NA,NA
"784",83565,0,85,0,1,20,"45",1,0,0,3,0,0,0,0,NA,NA,32,0,NA,NA,NA,NA,NA,NA,NA,NA,NA,NA,NA,NA,NA
"785",92279,0,74,0,1,20,"45",1,0,0,3,0,0,0,0,0,0,33,NA,33,0,133,127,0,NA,NA,NA,NA,0,2,24,0
"786",99870,0,74,1,1,20,"45",1,0,0,3,0,0,0,0,0,0,28,NA,34,0,117,113,0,NA,NA,NA,NA,0,2,24,21.4285714285714
"787",10478,0,65,1,0,5,"46",0,1,84,2,0,0,0,3,NA,NA,14,1,NA,NA,NA,NA,NA,NA,NA,NA,NA,NA,NA,NA,NA
"788",28028,0,56,0,0,5,"46",0,1,84,2,0,0,0,0,0,0,18,NA,18,0,72,99,0,NA,NA,NA,NA,38,2,25,0
"789",29249,0,54,0,0,5,"46",0,1,84,2,0,0,0,1,0,0,19,NA,22,0,45,80,0,NA,NA,NA,NA,38,2,25,15.7894736842105
"790",30975,0,67,1,0,5,"46",0,1,84,2,0,0,0,0,NA,NA,24,0,NA,NA,NA,NA,NA,NA,NA,NA,NA,NA,NA,NA,NA
"791",40485,0,63,1,0,5,"46",0,1,84,2,1,0,0,0,0,0,13,NA,21,0,55,81,0,NA,NA,NA,NA,38,2,25,61.5384615384615
"792",41186,0,49,0,0,5,"46",0,1,84,2,1,0,0,2,0,0,10,NA,15,0,38,78,0,NA,NA,NA,NA,38,2,25,50
"793",44024,0,61,0,0,5,"46",0,1,84,2,1,1,0,NA,0,0,17,NA,13,0,49,77,0,NA,NA,NA,NA,38,2,25,-23.5294117647059
"794",44102,0,63,0,0,5,"46",0,1,84,2,1,1,0,0,NA,NA,15,0,NA,NA,NA,NA,NA,NA,NA,NA,NA,NA,NA,NA,NA
"795",44931,0,63,1,0,5,"46",0,1,84,2,0,0,0,0,0,0,23,NA,27,0,113,119,0,NA,NA,NA,NA,38,2,25,17.3913043478261
"796",49256,0,67,1,0,5,"46",0,1,84,2,0,0,0,2,0,0,25,NA,32,0,116,118,0,NA,NA,NA,NA,38,2,25,28
"797",52558,0,51,0,0,5,"46",0,1,84,2,1,0,0,0,0,0,16,NA,18,0,50,88,0,NA,NA,NA,NA,38,2,25,12.5
"798",53470,0,57,1,0,5,"46",0,1,84,2,1,0,0,0,0,0,20,NA,25,0,43,77,0,NA,NA,NA,NA,38,2,25,25
"799",58178,0,59,0,0,5,"46",0,1,84,2,1,0,0,0,0,0,24,NA,25,0,84,106,0,NA,NA,NA,NA,38,2,25,4.16666666666667
"800",59697,0,62,0,0,5,"46",0,1,84,2,1,0,0,2,NA,NA,16,1,NA,NA,NA,NA,NA,NA,NA,NA,NA,NA,NA,NA,NA
"801",65026,0,65,1,0,5,"46",0,1,84,2,1,1,0,0,0,0,12,NA,13,0,34,64,0,NA,NA,NA,NA,38,2,25,8.33333333333333
"802",75320,0,69,1,0,5,"46",0,1,84,2,0,0,0,0,NA,NA,15,0,NA,NA,NA,NA,NA,NA,NA,NA,NA,NA,NA,NA,NA
"803",85284,0,54,0,0,5,"46",0,1,84,2,1,0,0,NA,0,0,21,NA,20,0,57,89,0,NA,NA,NA,NA,38,2,25,-4.76190476190476
"804",87036,0,52,0,0,5,"46",0,1,84,2,0,0,0,0,NA,0,12,NA,NA,0,55,93,0,NA,NA,NA,NA,NA,NA,NA,NA
"805",70010,0,78,1,1,49,"47",0,1,87,3,0,0,0,0,0,0,22,NA,26,0,98,86,0,NA,NA,NA,NA,33,1,14,18.1818181818182
"806",70011,0,80,1,1,49,"47",0,1,87,3,0,0,0,0,0,0,18,NA,27,0,115,106,0,NA,NA,NA,NA,33,1,14,50
"807",70012,0,76,1,1,49,"47",0,1,87,3,0,0,0,0,0,0,29,NA,26,0,120,113,0,NA,NA,NA,NA,33,1,14,-10.3448275862069
"808",70013,0,79,0,1,49,"47",0,1,87,3,0,0,0,1,1,NA,24,NA,28,0,102,98,0,NA,NA,NA,NA,33,1,14,16.6666666666667
"809",70014,0,80,1,1,49,"47",0,1,87,3,0,0,0,0,0,0,22,NA,26,0,87,86,0,NA,NA,NA,NA,33,1,14,18.1818181818182
"810",70015,0,73,1,1,49,"47",0,1,87,3,0,0,0,0,0,0,19,NA,23,0,81,88,0,NA,NA,NA,NA,33,1,14,21.0526315789474
"811",70016,0,77,0,1,49,"47",0,1,87,3,0,0,0,1,0,1,20,NA,27,0,88,89,0,NA,NA,NA,NA,33,1,14,35
"812",70017,0,70,1,1,49,"47",0,1,87,3,0,0,0,0,0,0,22,NA,25,0,81,90,0,NA,NA,NA,NA,33,1,14,13.6363636363636
"813",70018,0,74,1,1,49,"47",0,1,87,3,0,0,0,0,0,0,26,NA,24,0,84,89,0,NA,NA,NA,NA,33,1,14,-7.69230769230769
"814",70019,0,76,1,1,49,"47",0,1,87,3,0,0,0,1,0,0,21,NA,27,0,92,91,0,NA,NA,NA,NA,33,1,14,28.5714285714286
"815",70020,0,78,1,1,49,"47",0,1,87,3,0,0,0,1,0,NA,26,NA,31,0,92,89,0,NA,NA,NA,NA,33,1,14,19.2307692307692
"816",70021,0,80,1,1,49,"47",0,1,87,3,0,0,0,1,0,0,32,NA,34,0,138,123,0,NA,NA,NA,NA,33,1,14,6.25
"817",70022,0,74,1,1,58,"47",0,1,87,3,0,0,0,0,NA,NA,27,0,NA,NA,NA,NA,NA,NA,NA,NA,NA,NA,NA,NA,NA
"818",70023,0,80,1,1,58,"47",0,1,87,3,0,0,0,0,NA,NA,27,0,NA,NA,NA,NA,NA,NA,NA,NA,NA,NA,NA,NA,NA
